,stats_Metabolites,p,p_fdr,significant,FC,log2FC,Group
1,_104.062_4.007_Styrene,0.736969051,0.778736605,Nonsignificant,0.9974446,-0.003691381,SPENTMEDIUM
2,_120.044_5.549_C5 H4 N4,0.471181073,0.525814345,Nonsignificant,0.982112454,-0.026039869,SPENTMEDIUM
3,_103.1_7.029_2-Amino-3-methyl-1-butanol,0.000706331,0.001440428,Significant,1.014691553,0.021041242,KPNGROWT
4,_117.079_8.493_L-Norvaline,6.77859896897021e-05,0.000159669,Significant,1.33600243,0.417922632,KPNGROWT
5,_157.085_12.647_V-PYRRONO,4.43269322512382e-05,0.000106535,Significant,0.943754641,-0.083516262,SPENTMEDIUM
6,_651.396_9.68_C29 H51 N10 O7,7.705390488082e-12,3.53219085520483e-11,Significant,1.064354871,0.089979246,KPNGROWT
7,_234.112_7.373_C11 H14 N4 O2,1.23488502786537e-13,6.70051136293276e-13,Significant,0.87561073,-0.191638461,SPENTMEDIUM
8,_136.039_3.397_Hypoxanthine,6.38276395314902e-44,8.48508683021748e-42,Significant,58.43207256,5.868688557,KPNGROWT
9,_118.028_3.242_xi-3-Hydroxy-2-oxobutanoic acid,0.028116032,0.042383274,Significant,0.849989038,-0.23448386,SPENTMEDIUM
10,_113.059_4.684_3-N-Nitrosomethylaminopropionitrile,4.6715303458933e-14,2.62172692499078e-13,Significant,1.177320983,0.235507708,KPNGROWT
11,_253.154_8.066_C11 H19 N5 O2,0.000304929,0.000655798,Significant,0.917886376,-0.12361252,SPENTMEDIUM
12,_179.119_1.86_Hexamethylphosphoramide,5.79040236934767e-15,3.5595912831221e-14,Significant,0.921130065,-0.118523213,SPENTMEDIUM
13,_250.143_6.172_Isopentyl beta-D-glucoside,0.3976541,0.454004439,Nonsignificant,1.007744331,0.011129667,KPNGROWT
14,_187.064_7.442_N-25-Dihydroxyphenylpyridinium,0.031639283,0.047060668,Significant,0.957759396,-0.062264821,SPENTMEDIUM
15,_102.047_7.178_C8 H6,0.091863829,0.124375789,Nonsignificant,0.984664027,-0.022296542,SPENTMEDIUM
16,_575.343_10.259_C28 H45 N7 O6,5.64424389922048e-05,0.000134288,Significant,1.065069291,0.090947293,KPNGROWT
17,_384.237_7.841_Pro Val Val Ala,1.54644541365928e-14,9.03650932652001e-14,Significant,1.105488266,0.144683713,KPNGROWT
18,_234.112_7.712_C11 H14 N4 O2 Esi+7.711598,0.160889546,0.206027733,Nonsignificant,0.973391889,-0.038907341,SPENTMEDIUM
19,_529.29_7.755_C27 H39 N5 O6,3.85816812733616e-17,2.87941179187509e-16,Significant,1.109239614,0.149571045,KPNGROWT
20,_143.073_4.248_quinaldine,0.502400953,0.555986902,Nonsignificant,1.008800297,0.012640606,KPNGROWT
21,_514.406_1.336_Didodecyl thiobispropanoate,4.59740991969527e-13,2.31722533156205e-12,Significant,0.748583227,-0.417765373,SPENTMEDIUM
22,_253.154_8.444_C11 H19 N5 O2 Esi+8.443986,0.086956611,0.118676338,Nonsignificant,0.964912847,-0.051529455,SPENTMEDIUM
23,_488.22_1.367_Kanzonol L,0.057079402,0.080938592,Nonsignificant,1.2604093,0.333892305,KPNGROWT
24,_267.097_3.578_N-1-Deoxy-1-fructosylserine,1.21136790244882e-12,5.9231713299049e-12,Significant,0.239017338,-2.064812824,SPENTMEDIUM
25,_410.254_3.388_Val Val Pro Pro,3.54689958167417e-18,2.85767250387157e-17,Significant,1.329281893,0.41064708,KPNGROWT
26,_155.07_12.465_L-2-Amino-3-1-pyrazolylpropanoic acid,2.050104135632e-08,6.84548115618409e-08,Significant,0.928152456,-0.107566297,SPENTMEDIUM
27,_129.079_12.978_Carbachol,4.32802075166249e-19,3.69706832882976e-18,Significant,0.743645512,-0.427313026,SPENTMEDIUM
28,_76.031_3.989_13-Butadiene,1.05009904435972e-15,6.93652381165564e-15,Significant,2.260280648,1.176501916,KPNGROWT
29,_134.061_1.866_Dihydropteridine,4.90571741185751e-17,3.63570067422332e-16,Significant,0.847928491,-0.237985493,SPENTMEDIUM
30,_888.475_6.459_PIP1619Z180,1.33814846771271e-15,8.73080303934029e-15,Significant,1.458844805,0.544826414,KPNGROWT
31,_165.08_7.175_Methyl N-methylanthranilate,8.23253029738385e-05,0.000192002,Significant,0.945569179,-0.080745084,SPENTMEDIUM
32,_230.163_7.152_Valyl-Leucine,2.41546195463214e-41,2.23377720760981e-39,Significant,0.745574534,-0.423575511,SPENTMEDIUM
33,_228.148_7.728_L-isoleucyl-L-proline,9.40115074767993e-08,2.96240705782448e-07,Significant,0.932642227,-0.100604344,SPENTMEDIUM
34,_438.284_7.603_Pro Pro Leu Leu,3.15334009597069e-34,9.72051360018792e-33,Significant,1.248546013,0.32024899,KPNGROWT
35,_445.237_12.742_Val Pro Lys Cys,3.44351492523906e-13,1.76490511951409e-12,Significant,1.194464789,0.256364326,KPNGROWT
36,_567.83_12.511_567.8301@12.511486,0.602081994,0.650202363,Nonsignificant,1.010600191,0.015212357,KPNGROWT
37,_673.344_10.324_Bikhaconitine,5.94129419734342e-08,1.89746738104346e-07,Significant,0.947822013,-0.077311927,SPENTMEDIUM
38,_490.279_7.192_Tyr Val Pro Leu,4.31426135807386e-09,1.5474593437813e-08,Significant,1.054183133,0.076125515,KPNGROWT
39,_109.064_12.462_Brunfelsamidine,6.41790413564819e-25,8.75056544648955e-24,Significant,0.88362751,-0.17848976,SPENTMEDIUM
40,_284.128_6.581_2-Phenylethyl beta-D-glucopyranoside,0.992822704,0.993289695,Nonsignificant,1.00006767,9.76238388123409e-05,KPNGROWT
41,_524.332_12.563_C25 H44 N6 O6,2.97356100764458e-19,2.56063330496357e-18,Significant,0.79009595,-0.339900229,SPENTMEDIUM
42,_102.032_5.546_Acetic anhydride,2.19584583964125e-07,6.66271626379022e-07,Significant,0.941818668,-0.086478775,SPENTMEDIUM
43,_365.206_11.616_His Ile Pro,9.72692207599102e-15,5.8443963998963e-14,Significant,1.103017608,0.141455821,KPNGROWT
44,_115.063_13.029_Pterolactam,2.37283752070605e-08,7.87367458118841e-08,Significant,0.756578169,-0.402438947,SPENTMEDIUM
45,_1024.56_9.357_1024.5597@9.357003,7.52084936198993e-12,3.46252090756549e-11,Significant,1.069228797,0.096570599,KPNGROWT
46,_235.161_14.191_C11 H25 N O2 S,0.002722059,0.005065459,Significant,0.972931358,-0.039590071,SPENTMEDIUM
47,_685.391_10.748_C33 H51 N9 O7,1.60738869977215e-37,7.12274117586534e-36,Significant,0.877825169,-0.187994459,SPENTMEDIUM
48,_229.107_10.443_Gly Pro Gly,5.03930210576306e-43,5.64136609418844e-41,Significant,0.751655023,-0.411857415,SPENTMEDIUM
49,_138.043_3.221_E-Urocanic acid,2.90761650695506e-08,9.55873309164359e-08,Significant,1.05617677,0.078851316,KPNGROWT
50,_241.143_2.553_C11 H19 N3 O3,0.557014853,0.609136551,Nonsignificant,0.984159684,-0.023035678,SPENTMEDIUM
51,_210.137_1.645_LL-Cycloleucylprolyl,3.43394910329045e-09,1.24006956582322e-08,Significant,0.944807276,-0.08190802,SPENTMEDIUM
52,_327.216_7.573_Diprotin B,2.18270714043834e-21,2.30976024264296e-20,Significant,1.369884388,0.454054141,KPNGROWT
53,_260.116_1.914_Maculosin,9.02880613468791e-19,7.62074232082587e-18,Significant,1.167471348,0.223387143,KPNGROWT
54,_157.085_8.815_V-PYRRONO Esi+8.814966,0.000266358,0.000574588,Significant,1.06482466,0.090615888,KPNGROWT
55,_820.434_7.672_C38 H60 N8 O12,2.91295351691105e-19,2.51863907742675e-18,Significant,0.897968595,-0.155263105,SPENTMEDIUM
56,_438.284_7.27_Pro Pro Leu Leu Esi+7.270014,0.00064003,0.001310244,Significant,0.951497184,-0.071728708,SPENTMEDIUM
57,_670.405_6.596_C25 H44 N21 O2,4.44890789316659e-07,1.3142815401063e-06,Significant,1.569414369,0.650226314,KPNGROWT
58,_180.09_3.221_S-Propyl-L-cysteine,0.057162778,0.081002817,Nonsignificant,1.023643964,0.033714015,KPNGROWT
59,_217.077_4.285_Captopril,0.000339989,0.000726062,Significant,1.185422116,0.245400879,KPNGROWT
60,_495.257_5.61_Ser Arg Pro His,3.64981849642525e-21,3.78690923994952e-20,Significant,1.549214456,0.631536868,KPNGROWT
61,_603.291_9.408_C29 H41 N5 O9,2.34659754208659e-12,1.11162872428022e-11,Significant,1.130265701,0.176661959,KPNGROWT
62,_214.132_8.191_Valyl-Proline,3.10960011156983e-08,1.01755683650908e-07,Significant,1.460508924,0.546471173,KPNGROWT
63,_157.056_2.015_2-Acetyl-3-methylthiophene,4.40257744166904e-05,0.000106051,Significant,0.926195198,-0.110611817,SPENTMEDIUM
64,_244.121_1.697_33-Dimethoxybenzidine,0.01359337,0.022275114,Significant,0.880059796,-0.184326544,SPENTMEDIUM
65,_196.121_6.369_Fasoracetam,4.39978324335818e-16,3.00911220534497e-15,Significant,1.061032856,0.085469331,KPNGROWT
66,_134.084_5.179_2-Methyl-5-1-propenylpyrazine,4.71189788134265e-20,4.41506907207745e-19,Significant,1.2966754,0.374817371,KPNGROWT
67,_504.215_1.382_Euchretin C,0.090734375,0.123238835,Nonsignificant,1.353337856,0.436522048,KPNGROWT
68,_107.037_2.145_6-Iminocyclohexa-24-dienone,0.159832365,0.204797253,Nonsignificant,1.03972171,0.05619743,KPNGROWT
69,_242.163_12.08_C12 H22 N2 O3,2.48633506335008e-31,6.22168785852427e-30,Significant,0.837240093,-0.256286695,SPENTMEDIUM
70,_302.195_12.868_Lys Gly Val,1.54596096675155e-10,6.38496888598162e-10,Significant,0.938711004,-0.091247023,SPENTMEDIUM
71,_370.233_8.494_Pro Val Arg,4.9131967604065e-10,1.95699803546528e-09,Significant,0.938516169,-0.091546495,SPENTMEDIUM
72,_452.168_1.427_C22 H28 O10,0.004391874,0.007916539,Significant,0.510799717,-0.969170369,SPENTMEDIUM
73,_208.121_8.701_4-Dimethylamino-L-phenylalanine,2.49658559461017e-15,1.58989148495085e-14,Significant,0.925783493,-0.111253255,SPENTMEDIUM
74,_131.095_7.516_6-Deoxyfagomine,3.91033138164215e-20,3.76347278224111e-19,Significant,0.912721753,-0.131752979,SPENTMEDIUM
75,_211.096_7.499_Zalcitabine,4.25987969606895e-11,1.83416277601997e-10,Significant,1.30833359,0.387730436,KPNGROWT
76,_729.353_9.5_Jubanine B,1.38229248253541e-19,1.22505671264701e-18,Significant,1.142962034,0.192777482,KPNGROWT
77,_484.301_12.979_Gln Pro Leu Lys,0.012618285,0.020837804,Significant,0.958040959,-0.061840759,SPENTMEDIUM
78,_552.327_9.981_Lithocholate 3-O-glucuronide,5.77380565554789e-14,3.19814703889333e-13,Significant,1.048071289,0.067736851,KPNGROWT
79,_179.095_1.741_C10 H13 N O2,0.024878261,0.038069109,Significant,0.942381114,-0.085617468,SPENTMEDIUM
80,_194.106_8.087_Laccarin,2.48421753012947e-14,1.43195953565999e-13,Significant,1.043052389,0.060811622,KPNGROWT
81,_243.122_11.071_Gamma-glutamyl-Proline,8.71250932252658e-05,0.000202752,Significant,0.925017653,-0.112447196,SPENTMEDIUM
82,_581.317_11.19_C26 H43 N7 O8,0.081136478,0.111772855,Nonsignificant,1.024570354,0.035019053,KPNGROWT
83,_154.075_2.331_Methyl nicotinate,1.42660427582402e-07,4.44924823266525e-07,Significant,0.969213772,-0.04511319,SPENTMEDIUM
84,_356.206_10.35_Gln Pro Leu,2.82415205311903e-06,7.66195333799003e-06,Significant,0.974272443,-0.037602835,SPENTMEDIUM
85,_183.046_5.376_4-Acetylimidazo45-cpyridine,3.72940589486575e-14,2.11531902356786e-13,Significant,1.250474909,0.32247611,KPNGROWT
86,_454.207_8.163_Tyr Val Ser Ser,7.68358915341606e-26,1.15091507952929e-24,Significant,1.226600169,0.294665055,KPNGROWT
87,_516.274_12.778_ajugalactone,4.99262660105422e-10,1.98491902438174e-09,Significant,1.151961939,0.204093051,KPNGROWT
88,_123.032_3.792_2-Hydroxy-4-imino-25-cyclohexadienone,8.92193314056417e-16,5.96759490250943e-15,Significant,1.084116496,0.116519792,KPNGROWT
89,_244.089_3.251_Biotin,1.08647809518975e-14,6.45513661583407e-14,Significant,0.901300806,-0.149919414,SPENTMEDIUM
90,_354.19_11.183_Ala Ala Pro Pro,1.46851003565612e-06,4.0937363641423e-06,Significant,0.911200324,-0.134159835,SPENTMEDIUM
91,_287.184_8.419_Ile Val Gly,5.6157416287943e-18,4.47366383687096e-17,Significant,0.833322761,-0.263052709,SPENTMEDIUM
92,_250.128_5.681_Helinorbisabone,0.047079825,0.067982883,Nonsignificant,0.923106127,-0.115431574,SPENTMEDIUM
93,_270.169_11.92_C12 H22 N4 O3,1.10942682588095e-10,4.65434094408043e-10,Significant,0.796171096,-0.328849597,SPENTMEDIUM
94,_145.085_7.914_Fibrin,9.96619808560258e-07,2.82641377707689e-06,Significant,1.060019364,0.084090619,KPNGROWT
95,_132.025_7.977_3-methyl sulfolene,1.40886851948323e-14,8.30100648460061e-14,Significant,0.955310033,-0.065959079,SPENTMEDIUM
96,_109.053_2.205_3-Hydroxy-2-Methylpyridine,0.000122779,0.00027871,Significant,0.933371692,-0.099476383,SPENTMEDIUM
97,_358.256_12.006_Ile Lys Val,0.007321093,0.012537814,Significant,1.027506181,0.039147073,KPNGROWT
98,_328.175_10.379_Pro Val Asn,8.94613081314533e-25,1.20433039490887e-23,Significant,0.907413742,-0.140167587,SPENTMEDIUM
99,_269.185_7.257_Hexazinone,1.4849427408748e-12,7.14586699058984e-12,Significant,0.870066988,-0.200801613,SPENTMEDIUM
100,_136.1_3.467_23-Diethylpyrazine,5.37810036397605e-32,1.4480024650857e-30,Significant,1.254380195,0.326974687,KPNGROWT
101,_129.09_6.257_S-Piperazine-2-carboxamide,9.13892030161316e-17,6.65701489093534e-16,Significant,0.939871212,-0.089465014,SPENTMEDIUM
102,_406.219_7.91_Kiwiionoside,0.002977146,0.005494141,Significant,0.753069445,-0.409145184,SPENTMEDIUM
103,_470.285_13.422_Val Lys Pro Gln,9.51506643101903e-15,5.73329923478116e-14,Significant,0.952188348,-0.07068112,SPENTMEDIUM
104,_155.035_8.608_D-1-Aminopropan-2-ol O-phosphate,0.538719978,0.592174363,Nonsignificant,0.927512887,-0.108560768,SPENTMEDIUM
105,_652.434_1.337_PG150120,0.147672993,0.190594937,Nonsignificant,1.303124667,0.38197511,KPNGROWT
106,_137.048_8.719_Trigonelline,4.33931679204459e-22,4.9094291578079e-21,Significant,0.902996587,-0.147207559,SPENTMEDIUM
107,_211.097_3.126_Zalcitabine Esi+3.1261039,1.47701141385401e-12,7.12381695525507e-12,Significant,1.117737666,0.160581626,KPNGROWT
108,_269.149_9.275_C11 H19 N5 O3,4.15210132526742e-40,3.045351558222e-38,Significant,0.8418439,-0.248375351,SPENTMEDIUM
109,_244.088_3.833_Biotin Esi+3.8333898,0.000311632,0.000668861,Significant,1.041136783,0.058159621,KPNGROWT
110,_117.058_7.443_Phenylacetonitrile,3.27554660577805e-15,2.06126852973074e-14,Significant,1.076952151,0.106954153,KPNGROWT
111,_227.128_2.402_C10 H17 N3 O3,7.39681863163477e-06,1.93280506504756e-05,Significant,1.208735306,0.273498352,KPNGROWT
112,_238.063_1.431_C15 H10 O3,0.06114429,0.085935877,Nonsignificant,0.674188858,-0.568775309,SPENTMEDIUM
113,_602.306_10.126_Pro Pro Lys Phe Asp,0.078563811,0.108439471,Nonsignificant,0.918918725,-0.12199083,SPENTMEDIUM
114,_76.017_5.546_Peracetic acid,6.81676187141646e-12,3.15201141315278e-11,Significant,0.917847555,-0.123673538,SPENTMEDIUM
115,_208.096_8.493_8-Methylcaffeine,4.23900420893253e-25,5.93181707394703e-24,Significant,1.365938684,0.449892723,KPNGROWT
116,_158.069_11.01_1-Hydroxymethyl-55-dimethyl-24-imidazolidinedione,6.84179947834118e-08,2.18178523094928e-07,Significant,0.852823506,-0.229680892,SPENTMEDIUM
117,_224.153_7.852_Aspergillic acid,8.40698010835191e-10,3.2571305447112e-09,Significant,0.847269688,-0.239106839,SPENTMEDIUM
118,_228.111_5.18_Tetraacetylethylenediamine,9.47032525678286e-26,1.38919874628808e-24,Significant,1.246819842,0.318253019,KPNGROWT
119,_161.105_9.602_2S-Hydroxy-2-isopropylbutano-3S-lactone,5.38445464062463e-07,1.58186947798461e-06,Significant,0.810373983,-0.303340238,SPENTMEDIUM
120,_134.008_5.636_C3 H4 N O5,1.1280986543851e-08,3.88892356219952e-08,Significant,9.220215712,3.204800504,KPNGROWT
121,_268.154_11.052_Leucyl-Histidine,6.46884999012254e-39,3.71871457540287e-37,Significant,0.63114863,-0.663948307,SPENTMEDIUM
122,_396.212_12.546_His Ile Gln,2.62575389748233e-11,1.14917253908331e-10,Significant,0.891038267,-0.166440703,SPENTMEDIUM
123,_629.317_10.968_Indaconitine,0.015202604,0.024515495,Significant,1.012547981,0.017990273,KPNGROWT
124,_373.269_14.352_Val Lys Lys,0.002793018,0.005179381,Significant,0.968757597,-0.045792375,SPENTMEDIUM
125,_309.159_11.291_Hydroxyanastrozole,9.33770675553518e-05,0.000216354,Significant,1.181612948,0.24075754,KPNGROWT
126,_236.127_7.239_C11 H16 N4 O2,9.06486006185548e-22,1.0094742068883e-20,Significant,0.888958367,-0.16981224,SPENTMEDIUM
127,_127.099_8.202_1-Acetylpiperidine,9.00979428853242e-29,1.71105646890254e-27,Significant,0.827896085,-0.272478399,SPENTMEDIUM
128,_250.143_6.609_Isopentyl beta-D-glucoside Esi+6.6090055,6.31298001894456e-05,0.000149197,Significant,1.257484375,0.330540474,KPNGROWT
129,_226.072_7.485_5-Acetylamino-6-formylamino-3-methyluracil,6.11469861306891e-37,2.40851184259214e-35,Significant,0.786301132,-0.346846163,SPENTMEDIUM
130,_210.101_2.518_Aprobarbital,0.56014655,0.610677454,Nonsignificant,1.013306506,0.019070627,KPNGROWT
131,_122.073_5.288_2-Phenylethanol,4.90122231726441e-14,2.7361941912917e-13,Significant,1.459861934,0.545831933,KPNGROWT
132,_507.244_9.865_C21 H35 N10 O S2,4.21252383346517e-07,1.24965665185222e-06,Significant,1.20322372,0.266904914,KPNGROWT
133,_396.201_6.395_Ser Tyr Lys,1.06510337734772e-39,7.07960901130815e-38,Significant,1.272198865,0.347324204,KPNGROWT
134,_143.073_7.442_quinaldine Esi+7.4420056,1.12419497054696e-09,4.2929312430043e-09,Significant,1.044400231,0.062674682,KPNGROWT
135,_200.091_10.764_368-Trimethylallantoin,7.96917619323862e-37,3.02686388625331e-35,Significant,0.862999987,-0.212567557,SPENTMEDIUM
136,_627.305_10.797_Tyr Trp Leu Phe,3.66288152037454e-05,8.91412928356597e-05,Significant,1.02040188,0.029137462,KPNGROWT
137,_542.27_10.902_His His His Ile,0.301428163,0.354219725,Nonsignificant,0.967306398,-0.047955154,SPENTMEDIUM
138,_245.174_12.885_Valyl-Lysine,3.96228739406626e-20,3.77927591353316e-19,Significant,0.847403863,-0.238878389,SPENTMEDIUM
139,_358.258_11.475_Ile Lys Val Esi+11.475118,5.87947429195596e-22,6.58191674683702e-21,Significant,1.157651136,0.211200555,KPNGROWT
140,_243.176_14.144_Ile Lys Lys Val,8.14539903433339e-11,3.44438643062169e-10,Significant,1.044251787,0.062469612,KPNGROWT
141,_244.121_1.845_Pro Phe Phe Thr,2.14958338873727e-05,5.36009832103654e-05,Significant,2.0361689,1.025857237,KPNGROWT
142,_427.243_10.282_Val Asn Pro Val,4.34411259656217e-15,2.68602543397899e-14,Significant,0.945649596,-0.080622394,SPENTMEDIUM
143,_551.368_6.457_PE90130U,1.182796773883e-14,7.00782378286666e-14,Significant,1.615681823,0.692143115,KPNGROWT
144,_211.096_3.62_Zalcitabine Esi+3.619996,0.315304784,0.368693389,Nonsignificant,1.00673761,0.009687717,KPNGROWT
145,_757.401_8.857_C36 H49 N14 O5,3.82206773475533e-21,3.94637770476922e-20,Significant,0.861167492,-0.215634235,SPENTMEDIUM
146,_224.116_2.593_Butalbital,0.121301818,0.159856857,Nonsignificant,1.279134178,0.355167607,KPNGROWT
147,_614.274_10.83_C26 H42 N6 O9 S,0.836416623,0.862364594,Nonsignificant,1.000856674,0.001235391,KPNGROWT
148,_108.069_6.122_25-Dimethylpyrazine,0.780542608,0.817221769,Nonsignificant,1.006969288,0.010019682,KPNGROWT
149,_313.2_2.94_Pro Val Val,1.01770171415183e-13,5.55038857948961e-13,Significant,1.116628911,0.159149815,KPNGROWT
150,_219.111_2.843_D-Pantothenic acid,6.10307792291475e-28,1.10010565610506e-26,Significant,1.08192293,0.113597733,KPNGROWT
151,_662.446_1.356_C47 H56 N3,1.45990054658919e-05,3.69667674118478e-05,Significant,0.923733417,-0.114451535,SPENTMEDIUM
152,_122.048_1.997_2-Acetylpyrazine,0.040349408,0.058823298,Nonsignificant,0.592434985,-0.755271257,SPENTMEDIUM
153,_315.18_14.836_Pro Ile Ser,2.33995124172022e-17,1.77120152709569e-16,Significant,2.061683979,1.043823209,KPNGROWT
154,_618.319_11.027_Leu Ala Met Glu Arg,0.001385681,0.002701506,Significant,0.885123797,-0.176048845,SPENTMEDIUM
155,_640.814_14.197_640.8142@14.197017,0.00013407,0.000302084,Significant,1.040073003,0.056684795,KPNGROWT
156,_194.07_3.113_Aminohippuric acid,9.20395804921762e-32,2.41689120625752e-30,Significant,1.225345471,0.293188557,KPNGROWT
157,_287.196_12.105_Leucyl-Arginine,1.28792530727327e-17,9.92542437887772e-17,Significant,0.698930895,-0.516778274,SPENTMEDIUM
158,_460.236_7.938_Pro Thr Met Ile,3.37027463078595e-09,1.22122217030353e-08,Significant,1.04599036,0.064869556,KPNGROWT
159,_1078.602_9.977_1078.6019@9.97703,0.014900285,0.02406447,Significant,1.013638706,0.01954352,KPNGROWT
160,_188.153_12.993_188.1527@12.992972,9.19893202207256e-48,2.79516120156405e-45,Significant,0.84948931,-0.235332302,SPENTMEDIUM
161,_269.149_9.8_8-Propyloxycaffeine,2.56137892210944e-32,7.07539346406074e-31,Significant,0.870648267,-0.199838092,SPENTMEDIUM
162,_186.101_9.944_Prolyl-Alanine,0.460936121,0.516005857,Nonsignificant,0.950745511,-0.072868873,SPENTMEDIUM
163,_524.332_12.299_C25 H44 N6 O6 Esi+12.299355,2.30213358485781e-06,6.29387935089018e-06,Significant,1.580345021,0.660239562,KPNGROWT
164,_131.095_7.781_6-Deoxyfagomine Esi+7.781005,3.14912307754854e-26,4.81883797550053e-25,Significant,0.889086506,-0.169604298,SPENTMEDIUM
165,_645.316_12.852_Aconitine,0.026560498,0.040295421,Significant,1.050761112,0.071434713,KPNGROWT
166,_747.363_11.488_C35 H53 N7 O9 S,1.78215477698499e-28,3.32512562337462e-27,Significant,1.133401702,0.180659274,KPNGROWT
167,_384.237_8.413_C17 H26 N11,0.279129672,0.333169929,Nonsignificant,1.167760523,0.223744446,KPNGROWT
168,_316.211_12.761_Gly Lys Leu,1.67673341296167e-05,4.23061918074671e-05,Significant,1.041263597,0.058335335,KPNGROWT
169,_227.138_8.882_C9 H17 N5 O2,1.59636380709718e-12,7.63026026448474e-12,Significant,0.870166773,-0.200636166,SPENTMEDIUM
170,_253.052_1.56_Sulfamethoxazole,0.075917065,0.105060546,Nonsignificant,0.851663397,-0.231644749,SPENTMEDIUM
171,_426.284_7.191_Val Val Pro Leu,3.67143055904543e-14,2.08800342221648e-13,Significant,1.039576516,0.055995949,KPNGROWT
172,_274.148_12.74_trans-trismethoxy Resveratrol-d4,7.86759497056264e-20,7.27581500103771e-19,Significant,1.21498501,0.280938515,KPNGROWT
173,_1034.001_13.805_TG210210210,0.000244405,0.000530411,Significant,1.030324554,0.04309886,KPNGROWT
174,_630.316_11.938_Glu Arg Val Met Pro,2.55085203543795e-11,1.12100460317697e-10,Significant,1.057453329,0.080593992,KPNGROWT
175,_461.231_13.57_Asn Ile Cys Leu,4.05074819919612e-07,1.20334377369974e-06,Significant,1.068200176,0.095182027,KPNGROWT
176,_117.133_8.506_117.1334@8.505659,2.47650272114005e-09,9.14500223587653e-09,Significant,0.4347912,-1.201605354,SPENTMEDIUM
177,_150.116_3.058_23-Diethyl-5-methylpyrazine,2.26896985185463e-05,5.62482386351375e-05,Significant,1.189042071,0.249799761,KPNGROWT
178,_335.172_11.595_Triangularine,2.3555962806662e-31,5.9647062964012e-30,Significant,1.124641244,0.169464861,KPNGROWT
179,_388.233_12.387_Lys Leu Glu,2.58975347788685e-45,4.59033803955444e-43,Significant,0.811166218,-0.301930523,SPENTMEDIUM
180,_228.093_1.779_Triphenylene,0.594882277,0.643338468,Nonsignificant,0.983542185,-0.023941162,SPENTMEDIUM
181,_145.053_7.443_Isoquinoline N-oxide,0.002041304,0.003884822,Significant,1.021425606,0.030584131,KPNGROWT
182,_292.182_14.292_Rhodoxanthin,0.000875579,0.0017586,Significant,0.965058103,-0.051312289,SPENTMEDIUM
183,_641.339_9.917_3a5b7a12a-24-carboxymethylamino-112-dihydroxy-24-oxocholan-3-yl-b-D-Glucopyranosiduronic acid,3.44776650985856e-15,2.16324465087586e-14,Significant,0.949891015,-0.074166099,SPENTMEDIUM
184,_165.082_8.265_C6 H15 N O2 S,1.42962637743036e-23,1.76791587488045e-22,Significant,0.667053736,-0.584125109,SPENTMEDIUM
185,_368.163_1.476_Spenolimycin,0.220136418,0.270184744,Nonsignificant,1.161453822,0.215931796,KPNGROWT
186,_259.117_10.993_Pro Ser Gly,9.78699703898678e-11,4.13034577419144e-10,Significant,0.825819213,-0.276102111,SPENTMEDIUM
187,_179.081_2.813_Nojirimycin,4.52840153569889e-21,4.65309665045002e-20,Significant,1.527490323,0.61116324,KPNGROWT
188,_546.273_1.387_SLF,0.144238308,0.186388142,Nonsignificant,1.157488103,0.210997365,KPNGROWT
189,_217.077_4.096_Captopril Esi+4.0960045,0.058807386,0.083111834,Nonsignificant,0.864225991,-0.210519476,SPENTMEDIUM
190,_624.402_1.324_PG130120,0.298694569,0.351590121,Nonsignificant,1.22237106,0.289682293,KPNGROWT
191,_164.048_8.287_34-Methylenedioxyacetophenone,1.48164561461884e-27,2.52116817783542e-26,Significant,1.116803804,0.159375761,KPNGROWT
192,_211.096_8.43_Zalcitabine Esi+8.430009,5.01047021116094e-38,2.36828225314207e-36,Significant,1.174272529,0.231767272,KPNGROWT
193,_325.2_8.246_Pro Leu Pro,1.96208523023374e-18,1.61757956771596e-17,Significant,1.188856637,0.249574753,KPNGROWT
194,_115.063_8.882_Pterolactam Esi+8.881506,1.15229126561844e-38,6.28441928710366e-37,Significant,0.823930034,-0.279406262,SPENTMEDIUM
195,_557.318_7.841_C29 H43 N5 O6,1.71942568851876e-12,8.18833275279201e-12,Significant,1.10109504,0.138938999,KPNGROWT
196,_341.195_3.027_C15 H21 N10,4.82953512731007e-12,2.25767499248099e-11,Significant,1.237809769,0.307789613,KPNGROWT
197,_385.232_13.332_C10 H31 N11 O3 S,0.002392024,0.004486628,Significant,1.020225218,0.028887667,KPNGROWT
198,_325.175_12.498_Leu Gly His,1.12204804337785e-37,5.1882525831841e-36,Significant,0.893445615,-0.162548182,SPENTMEDIUM
199,_751.915_10.711_C28 H4 N2 O24,2.21466413973711e-31,5.67541039183232e-30,Significant,0.906403113,-0.141775278,SPENTMEDIUM
200,_1034.503_13.805_Brevetoxin B1,2.66977985660167e-16,1.87413259240652e-15,Significant,1.058304939,0.081755384,KPNGROWT
201,_228.148_12.711_L-isoleucyl-L-proline Esi+12.711004,0.031066996,0.04633906,Significant,0.922326882,-0.116649948,SPENTMEDIUM
202,_268.154_11.777_Leucyl-Histidine Esi+11.777021,2.11376146203207e-37,8.81562868576903e-36,Significant,0.277988562,-1.846902569,SPENTMEDIUM
203,_250.063_1.452_gamma-Glu-Cys,0.012470393,0.020609577,Significant,0.827166864,-0.273749702,SPENTMEDIUM
204,_245.149_13.147_Arginyl-Alanine,2.82015314520225e-23,3.38896369482779e-22,Significant,0.635064892,-0.655024078,SPENTMEDIUM
205,_136.056_3.406_C6 H6 N3 O,0.316958154,0.370423074,Nonsignificant,1.18550911,0.24550675,KPNGROWT
206,_626.179_5.264_Kuwanon L,0.006962324,0.0120007,Significant,2.631165551,1.395702025,KPNGROWT
207,_174.101_10.038_C7 H14 N2 O3,0.00093654,0.001870442,Significant,0.819348387,-0.287451079,SPENTMEDIUM
208,_164.131_2.782_Trimethylpropylpyrazine,0.006085976,0.010616257,Significant,1.073261731,0.102001942,KPNGROWT
209,_655.373_12.146_Pimelea factor P2,0.000556249,0.001146455,Significant,1.02311671,0.032970728,KPNGROWT
210,_226.132_1.964_Pilocarpic acid,5.44525008715486e-20,5.07984514709579e-19,Significant,1.272414561,0.347568787,KPNGROWT
211,_145.053_1.938_4-Formyl Indole,1.5887440514114e-12,7.61094278682894e-12,Significant,1.220068725,0.286962415,KPNGROWT
212,_182.106_9.595_C9 H14 N2 O2,0.000377161,0.00080062,Significant,0.926667787,-0.109875873,SPENTMEDIUM
213,_705.316_10.166_C32 H47 N7 O9 S,1.08977087884932e-11,4.92132199429405e-11,Significant,0.914564345,-0.12884342,SPENTMEDIUM
214,_108.054_5.829_3-Methylbutan-2-one,1.16554398949596e-06,3.27491686348469e-06,Significant,0.795073656,-0.330839577,SPENTMEDIUM
215,_316.127_3.578_2-Hydroxypromazine sulfoxide,1.47198599636143e-30,3.36657442393631e-29,Significant,1.453303357,0.539335877,KPNGROWT
216,_198.101_10.135_Metharbital,7.52236116274122e-05,0.000175998,Significant,0.831530659,-0.266158638,SPENTMEDIUM
217,_242.127_4.093_N-Hydroxypentobarbital,1.68180170911012e-40,1.43087689411089e-38,Significant,1.438904245,0.524970588,KPNGROWT
218,_689.334_13.802_C40 H39 N11 O,1.40008019143481e-11,6.28263832738787e-11,Significant,0.951252132,-0.072100312,SPENTMEDIUM
219,_714.38_1.325_C39 H52 N7 O4 S,0.227030411,0.277844467,Nonsignificant,1.280824251,0.357072529,KPNGROWT
220,_812.43_10.636_C37 H56 N12 O9,0.007113507,0.012231552,Significant,0.988094883,-0.017278511,SPENTMEDIUM
221,_560.776_9.167_560.7756@9.166993,0.557470336,0.60918245,Nonsignificant,1.047383483,0.066789759,KPNGROWT
222,_524.332_12.743_C25 H44 N6 O6 Esi+12.743489,0.439116302,0.494703588,Nonsignificant,1.615825007,0.692270963,KPNGROWT
223,_188.106_4.603_22-Bipyridylamine,0.016023465,0.025683428,Significant,0.502010028,-0.994211913,SPENTMEDIUM
224,_472.137_1.417_Formononetin 7-O-6-acetylglcoside,0.00621653,0.010820425,Significant,0.509756829,-0.972118898,SPENTMEDIUM
225,_387.247_13.023_Gln Leu Lys,1.92356242127379e-05,4.81910161372125e-05,Significant,0.569606004,-0.811963742,SPENTMEDIUM
226,_355.211_2.644_C23 H31 O S,7.6753555963518e-18,6.00201520347069e-17,Significant,1.31408955,0.394063593,KPNGROWT
227,_432.199_1.436_Glu Trp Val,0.005583245,0.009814514,Significant,0.515474853,-0.956026047,SPENTMEDIUM
228,_254.163_6.845_D-Tyrosine t-butyl ester,0.000515809,0.001073508,Significant,1.019384718,0.02769863,KPNGROWT
229,_506.258_14.682_Asn Pro Val Arg,2.14918350877108e-20,2.11634876072041e-19,Significant,2.005154185,1.003713176,KPNGROWT
230,_268.1_6.732_Moclobemide,1.61363270270189e-08,5.46528146281355e-08,Significant,1.047733103,0.067271256,KPNGROWT
231,_341.231_6.592_Diprotin A,0.082996242,0.114060801,Nonsignificant,1.073874902,0.10282594,KPNGROWT
232,_301.2_7.866_Ala Ile Val,0.002046292,0.0038896,Significant,0.878085319,-0.18756697,SPENTMEDIUM
233,_1123.627_8.891_1123.6271@8.891017,9.96171536630235e-45,1.62988989108655e-42,Significant,0.630970143,-0.664356356,SPENTMEDIUM
234,_386.217_9.786_C16 H32 N7 S2,0.034470322,0.050986352,Nonsignificant,1.050584934,0.071192801,KPNGROWT
235,_330.227_12.182_Lys Ala Ile,6.98869011696285e-09,2.45296103610231e-08,Significant,1.17391346,0.231326059,KPNGROWT
236,_525.255_12.081_C23 H41 O13,7.83052389059032e-17,5.76315720252097e-16,Significant,1.051455355,0.072387594,KPNGROWT
237,_224.153_7.99_Aspergillic acid Esi+7.990131,1.35555467340916e-05,3.44476080088565e-05,Significant,1.33771308,0.419768712,KPNGROWT
238,_114.047_7.443_C9 H6,4.33376253555946e-09,1.55183719076346e-08,Significant,1.052009951,0.073148351,KPNGROWT
239,_568.331_12.51_C40 H43 N O2,5.06470482031192e-23,6.01822745966673e-22,Significant,0.927310769,-0.108875186,SPENTMEDIUM
240,_148.1_4.5_+-Nornicotine,2.86047917616978e-17,2.14233774919476e-16,Significant,1.095760891,0.131933018,KPNGROWT
241,_689.668_13.8_689.6683@13.800034,1.82150093320825e-16,1.29576337288761e-15,Significant,0.947822749,-0.077310807,SPENTMEDIUM
242,_148.02_10.537_2-Oxo-4-methylthiobutanoic acid,2.62424026362289e-20,2.56043992693848e-19,Significant,0.813994588,-0.296908893,SPENTMEDIUM
243,_319.138_11.678_Asp Ser Val,1.96591540468051e-36,7.20948632026801e-35,Significant,0.615291319,-0.700658458,SPENTMEDIUM
244,_182.084_2.761_12-Di2-pyridylethylene,1.01460783897094e-18,8.49634202161888e-18,Significant,1.424564238,0.510520679,KPNGROWT
245,_440.227_9.756_Val Pro Pro Glu,1.7518879502495e-23,2.15391079201196e-22,Significant,1.115009235,0.157055659,KPNGROWT
246,_228.122_11.621_Deoxyguanidinoproclavaminic acid,0.533993349,0.588194642,Nonsignificant,0.995300899,-0.006795348,SPENTMEDIUM
247,_111.043_5.223_Cytosine,0.103308319,0.138286215,Nonsignificant,0.664188326,-0.590335728,SPENTMEDIUM
248,_266.105_1.492_AG-1296,0.019512187,0.03071978,Significant,1.561391755,0.642832557,KPNGROWT
249,_801.439_13.281_C39 H55 N13 O6,8.17947239249896e-07,2.34787284464849e-06,Significant,1.03021133,0.042940312,KPNGROWT
250,_968.481_13.96_C54 H54 N19,9.13810759412818e-16,6.09302659959581e-15,Significant,1.075366159,0.104827977,KPNGROWT
251,_683.385_9.778_C31 H53 N7 O10,0.024612834,0.037717218,Significant,0.970590481,-0.043065384,SPENTMEDIUM
252,_343.175_10.043_Pro Asp Ile,9.39636975834805e-22,1.04094158729199e-20,Significant,0.932444494,-0.100910247,SPENTMEDIUM
253,_145.064_4.895_C8 H7 N3,1.94410182819391e-27,3.20550743299879e-26,Significant,1.115235764,0.157348733,KPNGROWT
254,_226.107_13.075_Histidinyl-Alanine,2.34889919058852e-17,1.77166970864602e-16,Significant,0.065137642,-3.940364688,SPENTMEDIUM
255,_575.294_14.378_Tyr Tyr Thr Leu,3.41295522635993e-16,2.37233848577371e-15,Significant,1.099119427,0.136348154,KPNGROWT
256,_300.122_7.798_4-Methoxybenzyl glucoside,0.906938438,0.92476417,Nonsignificant,1.003948626,0.005685445,KPNGROWT
257,_125.048_2.166_4-Aminocatechol,4.29679396606888e-07,1.27110998133915e-06,Significant,1.493980425,0.579161245,KPNGROWT
258,_359.217_12.954_Asn Lys Val,4.13016091866558e-08,1.32902454977333e-07,Significant,0.89548028,-0.159266433,SPENTMEDIUM
259,_255.17_7.922_Pirimicarb,6.02201681521564e-39,3.55800826832324e-37,Significant,0.801338661,-0.319516014,SPENTMEDIUM
260,_198.101_3.054_Metharbital Esi+3.053913,2.16743553056644e-06,5.94089609989023e-06,Significant,1.211207425,0.276445954,KPNGROWT
261,_855.434_9.842_C37 H61 N9 O14,0.034737903,0.051310778,Nonsignificant,0.979355246,-0.030095825,SPENTMEDIUM
262,_262.132_7.735_Physovenine,0.02207613,0.034274401,Significant,1.074145751,0.103189766,KPNGROWT
263,_169.074_3.461_Norepinephrine noradrenaline,0.000231463,0.000504946,Significant,1.371457307,0.455709713,KPNGROWT
264,_752.416_10.714_C24 H54 N19 O7 S,1.08189322062583e-30,2.52877679150675e-29,Significant,0.927533417,-0.108528835,SPENTMEDIUM
265,_259.19_12.332_Lysyl-Leucine,2.52066579690516e-14,1.44904220270737e-13,Significant,0.579763171,-0.786464406,SPENTMEDIUM
266,_278.124_2.687_Tyrosyl-Proline,1.18823033935888e-21,1.30951602684784e-20,Significant,1.23258869,0.301691458,KPNGROWT
267,_258.164_14.228_Leu Lys Lys Glu,0.10794653,0.143591163,Nonsignificant,1.034349333,0.048723512,KPNGROWT
268,_327.216_7.186_Diprotin B Esi+7.1860123,0.000395908,0.000836242,Significant,1.442152851,0.528224081,KPNGROWT
269,_413.227_10.226_C17 H33 N8 S2,0.35204862,0.405885861,Nonsignificant,0.968815644,-0.045705934,SPENTMEDIUM
270,_244.179_6.29_Leucyl-Isoleucine,7.06375947805772e-15,4.30504768189936e-14,Significant,0.757219387,-0.401216746,SPENTMEDIUM
271,_168.069_2.404_Norharman,0.000329766,0.000707068,Significant,1.318672501,0.399086308,KPNGROWT
272,_426.247_3.32_Dihydro-7-desacetyldeoxygedunin,4.02469093322324e-16,2.77938883602787e-15,Significant,1.408675217,0.494339023,KPNGROWT
273,_259.153_9.991_Gamma-glutamyl-Leucine,1.9560869607999e-22,2.23688008904376e-21,Significant,0.747519307,-0.419817253,SPENTMEDIUM
274,_113.095_13.021_C5 H11 N3,5.20522536234064e-30,1.16542256270511e-28,Significant,0.756625796,-0.402348131,SPENTMEDIUM
275,_147.053_10.424_N-Acetyl-DL-serine,1.12812597624707e-16,8.16164609346091e-16,Significant,0.915717156,-0.127026043,SPENTMEDIUM
276,_372.274_10.788_Ile Ile Lys,9.51335297947537e-31,2.2735844704881e-29,Significant,0.911810419,-0.133194201,SPENTMEDIUM
277,_268.154_11.29_Leucyl-Histidine Esi+11.290024,2.13374425048774e-29,4.58431719271456e-28,Significant,0.718179364,-0.477583896,SPENTMEDIUM
278,_1000.523_9.596_1000.5231@9.595969,0.001301585,0.002546891,Significant,0.961491988,-0.056653258,SPENTMEDIUM
279,_143.095_8.332_1-Aminocyclohexanecarboxylic acid,0.21997604,0.270143786,Nonsignificant,1.082985137,0.115013443,KPNGROWT
280,_212.115_10.428_Butethal,1.0492631645619e-46,2.47975861224795e-44,Significant,0.72049312,-0.472943441,SPENTMEDIUM
281,_127.075_8.188_C5 H9 N3 O,9.16367981934754e-26,1.35355187331613e-24,Significant,0.756488538,-0.402609871,SPENTMEDIUM
282,_118.042_8.287_xi-23-Octadiene-57-diyn-1-ol,2.84630605629096e-20,2.76442601905519e-19,Significant,1.131807147,0.178628153,KPNGROWT
283,_187.067_2.783_N-butyryl-L-Homocysteine thiolactone,7.75583828467424e-05,0.000181083,Significant,1.072080335,0.100413016,KPNGROWT
284,_523.337_7.561_C26 H45 N5 O6,7.46236871282975e-21,7.55831345342328e-20,Significant,1.117018957,0.15965367,KPNGROWT
285,_165.065_3.95_6-O-Methylguanine,1.32666719306673e-27,2.29416351191296e-26,Significant,3.403581475,1.767053645,KPNGROWT
286,_141.058_7.443_C10 H7 N,0.013461193,0.022075526,Significant,1.017634089,0.025218905,KPNGROWT
287,_164.095_1.923_2-12-Diamino-1-propenylphenol,6.2566718269049e-06,1.65110930221175e-05,Significant,0.908208094,-0.138905201,SPENTMEDIUM
288,_159.027_8.93_Alloxan,1.42128396983043e-26,2.23931185468839e-25,Significant,0.906556109,-0.14153178,SPENTMEDIUM
289,_200.116_13.419_4-1-piperazinyl-1H-indole,2.81488614115726e-18,2.29397042997758e-17,Significant,0.586533495,-0.769714598,SPENTMEDIUM
290,_487.21_6.089_Cys Ala Pro Pro Thr,0.965453176,0.970930924,Nonsignificant,0.999219943,-0.001125824,SPENTMEDIUM
291,_213.123_9.536_DPTA NONOate,1.4258504817416e-30,3.29650432028737e-29,Significant,0.86000207,-0.217587963,SPENTMEDIUM
292,_329.231_6.783_Val Ile Val,4.5346470997331e-16,3.09140845549112e-15,Significant,1.24551687,0.316744562,KPNGROWT
293,_697.4_9.776_C31 H57 N10 O4 S2,0.051893207,0.074213143,Nonsignificant,0.959906247,-0.059034589,SPENTMEDIUM
294,_226.096_2.928_Carbidopa,2.74983230417726e-46,5.84889331098503e-44,Significant,1.304178995,0.383141889,KPNGROWT
295,_686.364_3.184_C34 H40 N17,1.6542685613306e-27,2.77057419681118e-26,Significant,1.464200669,0.550113289,KPNGROWT
296,_1099.57_9.15_1099.5695@9.149864,0.010985658,0.018312299,Significant,1.226312491,0.294326656,KPNGROWT
297,_174.136_12.77_Lentiginosine,0.119711325,0.157956569,Nonsignificant,0.910473791,-0.135310607,SPENTMEDIUM
298,_789.406_7.243_C40 H49 N14 O4,2.2024397973024e-13,1.15955184377777e-12,Significant,0.927967472,-0.107853859,SPENTMEDIUM
299,_711.407_8.357_Pro Phe Tyr Leu Arg,0.000589048,0.001210536,Significant,1.432029238,0.518060948,KPNGROWT
300,_134.023_5.24_Velcorin,0.011801113,0.019549039,Significant,4.09895912,2.035257602,KPNGROWT
301,_820.434_7.974_C38 H60 N8 O12 Esi+7.974,0.128915568,0.16832622,Nonsignificant,2.490077134,1.316190432,KPNGROWT
302,_632.344_5.66_Trp Trp Pro Lys,4.79550811861898e-38,2.31819222006877e-36,Significant,1.294745334,0.372668359,KPNGROWT
303,_165.082_6.267_C6 H15 N O2 S Esi+6.266996,0.207408951,0.256935841,Nonsignificant,1.43966098,0.525729117,KPNGROWT
304,_271.154_9.525_Gly Val Pro,0.045827735,0.066264848,Nonsignificant,0.982350843,-0.025689725,SPENTMEDIUM
305,_162.116_6.76_Phenylpiperazine,0.964583483,0.97051517,Nonsignificant,1.00027832,0.000401475,KPNGROWT
306,_163.075_4.896_12H-Phthalazinone,2.8426830705647e-08,9.35973202955282e-08,Significant,1.150234366,0.201927847,KPNGROWT
307,_285.144_10.974_Histidinyl-Hydroxyproline,2.00259358123364e-37,8.5190330945679e-36,Significant,0.852090084,-0.230922133,SPENTMEDIUM
308,_297.109_2.912_Tryptophyl-Alanine,0.075540573,0.104810697,Nonsignificant,1.021255772,0.030344232,KPNGROWT
309,_102.047_4.033_C8 H6 Esi+4.0327473,0.01388598,0.022649908,Significant,1.075306078,0.104747371,KPNGROWT
310,_386.173_2.047_Gingerenone B,0.244909647,0.297363017,Nonsignificant,1.359681513,0.443268759,KPNGROWT
311,_257.138_11.34_Ala Ala Pro,0.002720598,0.005065459,Significant,1.023340142,0.033285754,KPNGROWT
312,_136.1_4.619_23-Diethylpyrazine Esi+4.6193647,4.24506179847314e-10,1.7068518800288e-09,Significant,1.15279064,0.205130527,KPNGROWT
313,_441.258_9.824_Leukotriene E3,0.001393027,0.00271334,Significant,1.10848454,0.148588649,KPNGROWT
314,_968.982_13.96_C33 H13 N8 O28,2.51840612356139e-11,1.10903723081058e-10,Significant,1.068373865,0.095416589,KPNGROWT
315,_114.079_8.442_L-Prolinamide,1.39370823206638e-16,9.94770942820532e-16,Significant,0.921176322,-0.118450766,SPENTMEDIUM
316,_745.347_10.967_C34 H45 N14 O4 S,1.89688046485603e-08,6.37387796010865e-08,Significant,1.041185761,0.058227487,KPNGROWT
317,_241.179_7.581_Aspergillic acid Esi+7.5810075,0.125963816,0.164876946,Nonsignificant,1.131907384,0.178755917,KPNGROWT
318,_331.211_7.86_Marimastat,0.805531099,0.836373842,Nonsignificant,0.997818803,-0.003150239,SPENTMEDIUM
319,_262.132_7.671_Physovenine Esi+7.671432,0.002198232,0.004170954,Significant,1.130596067,0.177083584,KPNGROWT
320,_211.096_7.407_Zalcitabine Esi+7.4069233,0.63154871,0.678093945,Nonsignificant,0.954433811,-0.067282944,SPENTMEDIUM
321,_224.091_9.88_Temurin,4.07487963898412e-35,1.37575698287607e-33,Significant,0.833645746,-0.262493648,SPENTMEDIUM
322,_117.043_5.451_3-Mercapto-1-hexanol,0.542744548,0.595982268,Nonsignificant,0.965078856,-0.051281266,SPENTMEDIUM
323,_196.121_1.875_L-alpha-Amino-1H-pyrrole-1-hexanoic acid,0.00618197,0.010769082,Significant,1.873338189,0.905611369,KPNGROWT
324,_445.254_13.101_C21 H37 N2 O8,6.22116486656582e-06,1.64377859269385e-05,Significant,1.454122196,0.54014851,KPNGROWT
325,_198.101_10.756_Metharbital Esi+10.755504,1.17749462417063e-06,3.29977742504734e-06,Significant,0.912477861,-0.132138538,SPENTMEDIUM
326,_686.325_10.645_C30 H38 N16 O4,1.78292372792142e-09,6.65312064787518e-09,Significant,1.029819933,0.042392101,KPNGROWT
327,_247.153_13.4_Threoninyl-Lysine,2.95255184331709e-47,7.85009721341931e-45,Significant,0.483023637,-1.049834306,SPENTMEDIUM
328,_129.043_10.422_R-+-2-Pyrrolidone-5-carboxylic acid,4.35187644406665e-28,7.9796906866636e-27,Significant,0.91924666,-0.121476065,SPENTMEDIUM
329,_346.222_12.897_Ser Leu Lys,0.566468113,0.616936854,Nonsignificant,1.034448511,0.048861838,KPNGROWT
330,_258.1_2.895_C14 H14 N2 O3,7.85045545714065e-14,4.32588568842957e-13,Significant,1.183088609,0.24255813,KPNGROWT
331,_575.332_7.207_C29 H45 N5 O7,0.009649727,0.016212457,Significant,1.016390921,0.023455394,KPNGROWT
332,_556.358_12.055_C18 H42 N19 S,4.79539486660471e-34,1.43659223679834e-32,Significant,1.162828706,0.217638592,KPNGROWT
333,_590.286_14.096_Lys Met Tyr Lys,6.21339185326187e-25,8.58174316356363e-24,Significant,1.23587323,0.305530765,KPNGROWT
334,_208.121_9.113_4-Dimethylamino-L-phenylalanine Esi+9.113144,1.55120566893245e-10,6.39421406554133e-10,Significant,0.914474994,-0.128984374,SPENTMEDIUM
335,_149.048_2.71_Gentianadine,0.000260005,0.000562024,Significant,1.311184585,0.390870799,KPNGROWT
336,_412.233_3.655_Val Thr Pro Pro,5.06975487276935e-12,2.3595992591642e-11,Significant,1.374850603,0.459274858,KPNGROWT
337,_303.169_7.623_C15 H21 N5 O2,2.64167804423624e-07,7.94745289970366e-07,Significant,0.94311609,-0.084492728,SPENTMEDIUM
338,_510.248_11.742_C24 H36 N3 O9,1.94300514749183e-07,5.9464344585829e-07,Significant,2.198637079,1.136609483,KPNGROWT
339,_266.102_10.895_8-Oxodeoxycoformycin,3.82060718694431e-29,7.81387642945245e-28,Significant,0.861963521,-0.21430128,SPENTMEDIUM
340,_167.058_2.684_3alpha477alpha-Tetrahydro-4-hydroxy-1H-isoindole-132H-dione,0.95000014,0.960841797,Nonsignificant,1.008501725,0.012213552,KPNGROWT
341,_293.174_11.987_Phenylalanyl-Lysine,1.26421660243071e-31,3.27925452850016e-30,Significant,0.791080063,-0.338104381,SPENTMEDIUM
342,_229.179_8.829_N1N8-Diacetylspermidine,0.009998151,0.016771347,Significant,0.537683066,-0.895172058,SPENTMEDIUM
343,_143.095_8.813_1-Aminocyclohexanecarboxylic acid Esi+8.81299,5.85608810802257e-28,1.06460678681744e-26,Significant,0.878951793,-0.186144053,SPENTMEDIUM
344,_641.316_14.198_Glu Lys Trp Tyr,0.587730729,0.636833042,Nonsignificant,0.996701653,-0.004766374,SPENTMEDIUM
345,_159.069_1.781_N-Hydroxy-1-aminonaphthalene,1.76712376876932e-26,2.74355639136667e-25,Significant,1.984779298,0.988978593,KPNGROWT
346,_128.095_7.679_S-Piperidine-2-carboxamide,1.18495912380612e-10,4.94197658105021e-10,Significant,1.428439071,0.514439501,KPNGROWT
347,_176.132_2.737_Cyclohexylmethylpyrazine,0.008146769,0.013862542,Significant,1.161587823,0.216098235,KPNGROWT
348,_313.164_5.029_Thr Pro Pro,2.96325113856811e-06,8.00868509750238e-06,Significant,1.466349191,0.552228702,KPNGROWT
349,_168.09_10.193_Cyclo-Ala-Pro diketopiperazine,3.00706725523131e-44,4.56859432276928e-42,Significant,0.853115846,-0.229186434,SPENTMEDIUM
350,_443.238_10.538_C25 H35 N2 O3 S,8.89931008094756e-26,1.32369458336891e-24,Significant,0.8435331,-0.245483415,SPENTMEDIUM
351,_327.18_3.827_C14 H19 N10,6.53343276072352e-29,1.31100108321311e-27,Significant,1.563199087,0.644501529,KPNGROWT
352,_765.366_11.471_C35 H53 N6 O13,8.48932402373233e-14,4.65381242228832e-13,Significant,1.096395984,0.132768949,KPNGROWT
353,_448.199_9.837_Obliquine,4.92667868651455e-24,6.35093670679784e-23,Significant,0.90831643,-0.138733119,SPENTMEDIUM
354,_243.133_10.148_C9 H17 N5 O3,7.31498402891387e-06,1.91377257435422e-05,Significant,0.872666741,-0.196497281,SPENTMEDIUM
355,_344.215_8.459_Arg Gly Leu,0.880569195,0.902201675,Nonsignificant,0.985680855,-0.020807491,SPENTMEDIUM
356,_238.142_2.285_Pirimicarb Esi+2.2845194,5.93354775563567e-10,2.33283846141166e-09,Significant,0.812478507,-0.299598446,SPENTMEDIUM
357,_370.185_7.199_Thr Pro Pro Gly,2.17701566644325e-23,2.66121397846252e-22,Significant,1.121515549,0.165449623,KPNGROWT
358,_256.154_12.556_C11 H20 N4 O3,6.20188239539911e-10,2.43383834963356e-09,Significant,0.396607487,-1.334216183,SPENTMEDIUM
359,_426.247_3.975_C19 H28 N11 O,1.20622044060837e-36,4.50110680205967e-35,Significant,1.545217109,0.627809557,KPNGROWT
360,_181.074_2.204_Meta-Tyrosine,0.602209053,0.650202363,Nonsignificant,1.021565416,0.03078159,KPNGROWT
361,_1001.558_7.112_1001.5581@7.11203,9.9958965373519e-06,2.58652943247536e-05,Significant,1.103683642,0.1423267,KPNGROWT
362,_202.143_12.03_Arg-OEt,1.20384013271749e-41,1.219318077281e-39,Significant,0.856603924,-0.223299808,SPENTMEDIUM
363,_252.256_1.934_2S3R7S10S-23710-Tetramethyldodecahydrocyclopentabquinolizine,2.54807028447711e-08,8.42884213854247e-08,Significant,0.787642187,-0.344387709,SPENTMEDIUM
364,_690.002_13.801_690.0021@13.801021,0.107228705,0.14290442,Nonsignificant,1.064395018,0.090033663,KPNGROWT
365,_221.148_5.565_+-gamma-Hydroxy-L-homoarginine,1.21675165971533e-19,1.09199610979515e-18,Significant,5.530368475,2.467375607,KPNGROWT
366,_211.096_11.19_Zalcitabine Esi+11.1899605,0.00680114,0.011761492,Significant,0.932229125,-0.101243508,SPENTMEDIUM
367,_245.138_9.983_Gamma-glutamyl-Valine,7.23701125525845e-29,1.43860962055465e-27,Significant,0.43249935,-1.209230132,SPENTMEDIUM
368,_169.053_7.442_5-Methylthiopentanaldoxime,2.1688441717984e-07,6.59018793345027e-07,Significant,1.039523752,0.055922722,KPNGROWT
369,_122.084_4.594_26-toluenediamine,1.27358806026065e-07,3.9837085355506e-07,Significant,1.173358017,0.230643278,KPNGROWT
370,_119.074_7.589_C8 H9 N,8.33865935002335e-07,2.38391511256716e-06,Significant,2.67693972,1.420584652,KPNGROWT
371,_254.138_11.931_S-Argpyrimidine,4.4044714060296e-43,5.20461704479164e-41,Significant,0.421287968,-1.247121381,SPENTMEDIUM
372,_602.306_10.28_Pro Pro Lys Phe Asp Esi+10.280101,0.668170895,0.71273796,Nonsignificant,1.114432196,0.156308843,KPNGROWT
373,_288.18_13.421_Sakacin A,1.40649887535639e-28,2.64745407777261e-27,Significant,0.828227865,-0.271900353,SPENTMEDIUM
374,_266.134_13.607_Roridin A,0.003716996,0.006757308,Significant,1.088206807,0.121952758,KPNGROWT
375,_329.195_3.325_Pro Leu Thr,0.90979461,0.9267879,Nonsignificant,1.006199598,0.008916518,KPNGROWT
376,_658.332_9.163_C31 H40 N13 O4,8.35983271001902e-17,6.11043442412731e-16,Significant,1.385360507,0.470261452,KPNGROWT
377,_156.09_2.819_C7 H12 N2 O2,0.000170663,0.000378915,Significant,1.033225999,0.047155852,KPNGROWT
378,_688.237_1.415_C30 H26 N17 O4,0.021891079,0.034086621,Significant,0.554954188,-0.849559415,SPENTMEDIUM
379,_542.271_10.783_Val Asp Pro Val Asn,0.97146747,0.975595519,Nonsignificant,1.019046144,0.027219381,KPNGROWT
380,_398.253_7.959_C20 H38 N4 S2,2.85686907725348e-09,1.04587960883273e-08,Significant,1.09933836,0.136635494,KPNGROWT
381,_487.28_11.642_N-docosahexaenoyl histidine,8.83412746888762e-10,3.41019766357967e-09,Significant,1.581527136,0.66131831,KPNGROWT
382,_339.191_11.834_His Ala Leu,0.018904417,0.029807038,Significant,1.046469582,0.065530377,KPNGROWT
383,_208.096_8.233_8-Methylcaffeine Esi+8.232836,0.000536985,0.001111058,Significant,0.939393435,-0.090198584,SPENTMEDIUM
384,_163.085_1.993_6-Dimethylaminopurine,2.18846101219746e-05,5.45065172475877e-05,Significant,2.822186327,1.496813241,KPNGROWT
385,_1000.502_9.366_1000.5024@9.365999,6.61789773799234e-09,2.33825057951989e-08,Significant,1.1867546,0.247021642,KPNGROWT
386,_429.222_10.92_C32 H29 O,0.547415142,0.600181446,Nonsignificant,1.011137084,0.015978602,KPNGROWT
387,_259.19_12.437_Lysyl-Leucine Esi+12.437008,0.035910572,0.052822812,Nonsignificant,1.197260437,0.259737012,KPNGROWT
388,_360.237_12.577_Thr Ile Lys,1.70019721036584e-07,5.25627829425602e-07,Significant,0.916945173,-0.125092622,SPENTMEDIUM
389,_258.137_8.155_C15 H18 N2 O2,8.82199676778999e-18,6.8483164690107e-17,Significant,0.942030815,-0.086153843,SPENTMEDIUM
390,_288.147_6.804_N-3-Indolylacetyl-L-isoleucine,1.55883148520553e-09,5.87878469686555e-09,Significant,1.032174549,0.045686963,KPNGROWT
391,_338.195_2.593_C17 H22 N8,3.86967649129637e-06,1.03793214337798e-05,Significant,1.139196258,0.188016312,KPNGROWT
392,_129.09_12.641_S-Piperazine-2-carboxamide Esi+12.641203,4.09636870993703e-15,2.54765387310996e-14,Significant,0.755489676,-0.404516054,SPENTMEDIUM
393,_626.343_7.263_PI20111Z00,0.023060338,0.035594586,Significant,0.928496011,-0.107032383,SPENTMEDIUM
394,_151.063_2.428_3alpha477alpha-Tetrahydro-1H-isoindole-132H-dione,2.4978312540319e-05,6.18496749397654e-05,Significant,1.574383071,0.654786613,KPNGROWT
395,_523.275_12.715_Phe Arg Thr Thr,0.002445731,0.004583322,Significant,0.73241226,-0.449272154,SPENTMEDIUM
396,_1083.535_13.569_1083.5349@13.568545,6.71643340139648e-06,1.76320748011222e-05,Significant,1.031225023,0.044359177,KPNGROWT
397,_184.085_2.951_3alpha477alpha-Tetrahydro-4-hydroxy-1H-isoindole-132H-dione Esi+2.9509983,5.52310805386228e-06,1.46845635382063e-05,Significant,1.131588648,0.178349608,KPNGROWT
398,_444.186_7.943_C18 H18 N15,1.63674694687611e-10,6.73377322244776e-10,Significant,1.633863832,0.708287753,KPNGROWT
399,_262.132_7.288_Physovenine Esi+7.28753,4.49529330877033e-10,1.8006570372419e-09,Significant,0.810520194,-0.303079965,SPENTMEDIUM
400,_214.132_8.472_Valyl-Proline Esi+8.472065,8.06915849633661e-07,2.31933785428486e-06,Significant,0.570284018,-0.810247491,SPENTMEDIUM
401,_315.216_7.163_Val Val Val,0.000111093,0.000254551,Significant,0.930268944,-0.10428023,SPENTMEDIUM
402,_837.438_9.485_C40 H53 N16 O5,1.72082028232159e-12,8.18833275279201e-12,Significant,1.041992635,0.05934508,KPNGROWT
403,_483.306_7.845_Lithocholic acid taurine conjugate,1.14302556406561e-18,9.53417794026492e-18,Significant,1.12865361,0.174602784,KPNGROWT
404,_212.063_2.383_C9 H12 N2 O2 S,0.025956736,0.03951713,Significant,1.363884962,0.447721965,KPNGROWT
405,_307.114_7.182_C11 H19 N2 O8,1.50436258767949e-05,3.80473153863766e-05,Significant,1.082121223,0.113862123,KPNGROWT
406,_250.04_1.401_2-Methyl-4-chlorophenoxybutyric acid,0.000194624,0.000429425,Significant,1.308570623,0.387991788,KPNGROWT
407,_349.204_14.345_PGDM-d4,0.352638393,0.406317369,Nonsignificant,1.011985154,0.017188125,KPNGROWT
408,_531.327_8.273_C23 H39 N12 O3,8.24546324704222e-39,4.61528955959442e-37,Significant,1.164152185,0.219279668,KPNGROWT
409,_317.123_11.412_N-1-Deoxy-1-fructosylhistidine,1.92520954459599e-11,8.56677970994908e-11,Significant,0.574077188,-0.800683365,SPENTMEDIUM
410,_284.128_6.075_Methylene blue,2.21153250806997e-19,1.91997128353667e-18,Significant,0.801777037,-0.318726996,SPENTMEDIUM
411,_258.122_10.803_C11 H18 N2 O5,0.30297743,0.35584373,Nonsignificant,0.806704912,-0.309887055,SPENTMEDIUM
412,_436.24_14.04_Thr Ser Arg Gly,2.4468412256802e-25,3.44664323643827e-24,Significant,1.141702033,0.191186178,KPNGROWT
413,_1007.565_10.318_CDP-DG1819Z180,0.018522453,0.029291641,Significant,1.021349353,0.030476424,KPNGROWT
414,_343.21_2.926_C15 H23 N10,1.86996287465279e-13,9.99349506127258e-13,Significant,1.143622551,0.193610974,KPNGROWT
415,_549.784_8.933_549.7845@8.933016,0.242427678,0.294821997,Nonsignificant,1.209412893,0.274306864,KPNGROWT
416,_129.079_2.213_24-Dimethyl-2-oxazoline-4-methanol,0.001702565,0.003277244,Significant,1.515053252,0.599368503,KPNGROWT
417,_139.064_2.465_Ethylmethylmaleimide,1.43188104957125e-19,1.25851693902398e-18,Significant,4.932042413,2.302185206,KPNGROWT
418,_252.122_12.807_8-Propyloxycaffeine Esi+12.807222,5.9377127479193e-05,0.000140797,Significant,0.44543382,-1.166716994,SPENTMEDIUM
419,_193.121_6.621_N-Hydroxyl-tryptamine,6.04087406528833e-11,2.5852996251244e-10,Significant,1.049485397,0.069682092,KPNGROWT
420,_275.128_2.905_Tryptophyl-Alanine Esi+2.9050102,0.111065225,0.147555112,Nonsignificant,0.938524639,-0.091533474,SPENTMEDIUM
421,_668.268_1.399_Isolimonic acid glucoside,0.010306456,0.017261284,Significant,0.516706847,-0.952582092,SPENTMEDIUM
422,_468.248_9.917_17-phenoxy trinor Prostaglandin F2? isopropyl ester,1.43624485673926e-22,1.65129341096454e-21,Significant,0.892515329,-0.164051147,SPENTMEDIUM
423,_561.283_8.814_Glu Met Leu Val Ala,1.08320823930149e-25,1.57807118150293e-24,Significant,1.12287232,0.16719389,KPNGROWT
424,_172.085_10.477_Glycylproline,0.007060713,0.012160435,Significant,0.883519941,-0.178665398,SPENTMEDIUM
425,_804.385_9.307_C38 H52 N12 O6 S,1.11066149341172e-09,4.24887949008404e-09,Significant,1.104254624,0.143072874,KPNGROWT
426,_377.195_8.185_Pro Tyr Val,0.08451555,0.115753107,Nonsignificant,0.959605936,-0.059486013,SPENTMEDIUM
427,_688.427_8.773_PG1839Z12Z15Z120,1.86091568685817e-06,5.14047748824328e-06,Significant,1.055341239,0.077709562,KPNGROWT
428,_343.175_9.739_Pro Asp Ile Esi+9.739012,1.38500505551824e-12,6.69524034792567e-12,Significant,1.315532389,0.395646768,KPNGROWT
429,_248.105_1.403_Citreovirenone,0.059676866,0.084117094,Nonsignificant,1.676771351,0.745685973,KPNGROWT
430,_317.159_10.035_Leu Glu Gly,3.95298096348781e-20,3.77927591353316e-19,Significant,0.904544308,-0.144736922,SPENTMEDIUM
431,_321.18_11.732_Phenylalanyl-Arginine,7.344176074945e-52,5.20702083713601e-49,Significant,0.590934265,-0.758930441,SPENTMEDIUM
432,_106.054_3.209_C6 H6 N2,1.39707352168155e-22,1.61498661990036e-21,Significant,5.979538418,2.580034122,KPNGROWT
433,_355.186_12.289_Thr His Val,2.46133406827521e-15,1.5721494183848e-14,Significant,0.917945736,-0.123519222,SPENTMEDIUM
434,_722.357_13.567_C42 H44 N9 O3,1.12512831910679e-12,5.52690054212502e-12,Significant,0.941954593,-0.086270579,SPENTMEDIUM
435,_302.138_10.82_Mianserin 2-oxide,1.19052206102158e-51,6.33060105948224e-49,Significant,0.585560153,-0.772110713,SPENTMEDIUM
436,_228.148_8.092_L-isoleucyl-L-proline Esi+8.091581,0.00161481,0.003116789,Significant,1.254434818,0.327037509,KPNGROWT
437,_166.085_5.252_N-Formyl-4-amino-5-aminomethyl-2-methylpyrimidine,6.67077394660882e-06,1.75386108583893e-05,Significant,1.614555563,0.69113709,KPNGROWT
438,_678.345_13.177_C29 H46 N10 O9,1.53090867610674e-06,4.2509696528447e-06,Significant,1.041382902,0.058500625,KPNGROWT
439,_440.263_2.69_C18 H28 N14,1.50684618405574e-32,4.27341577798207e-31,Significant,1.228880632,0.297344785,KPNGROWT
440,_194.142_3.732_C11 H18 N2 O,0.090559018,0.123079253,Nonsignificant,1.145942644,0.196534838,KPNGROWT
441,_453.295_12.524_Pro Pro Leu Lys,0.108981968,0.144877904,Nonsignificant,1.040883294,0.05780832,KPNGROWT
442,_429.234_13.449_Arg Thr Pro Gly,8.40221483984214e-23,9.87376296372609e-22,Significant,0.88369365,-0.178381778,SPENTMEDIUM
443,_243.176_14.309_C17 H23 O,8.41848798853319e-13,4.19347165143093e-12,Significant,1.205814788,0.270008328,KPNGROWT
444,_337.175_12.15_Arginyl-Tyrosine,4.19511247881045e-20,3.98348403679903e-19,Significant,0.499371485,-1.001814651,SPENTMEDIUM
445,_864.397_7.676_C37 H56 N10 O14,1.93328000768413e-37,8.3920134211105e-36,Significant,0.771812479,-0.373677724,SPENTMEDIUM
446,_85.089_7.517_Piperidine,0.707144891,0.749052382,Nonsignificant,1.01783034,0.025497101,KPNGROWT
447,_188.118_9.303_Valyl-Alanine,1.82396309530542e-17,1.39052670384037e-16,Significant,0.789246042,-0.341452974,SPENTMEDIUM
448,_505.221_9.937_Glu Leu Met Asn,0.002528762,0.004726429,Significant,1.023860678,0.034019414,KPNGROWT
449,_374.216_11.807_Lys Ile Asp,2.7712368806291e-34,8.66826594867366e-33,Significant,1.126030199,0.17124552,KPNGROWT
450,_277.164_12.133_Leucyl-glutamate,2.77325135409183e-18,2.26873293467436e-17,Significant,0.943484791,-0.083928833,SPENTMEDIUM
451,_344.241_12.37_Lys Val Val,7.70013309508322e-29,1.51649843455945e-27,Significant,0.890767056,-0.166879891,SPENTMEDIUM
452,_891.438_11.396_C43 H49 N21 O2,1.85571465148178e-07,5.69567830259994e-07,Significant,0.97293438,-0.03958559,SPENTMEDIUM
453,_115.064_3.13_Pterolactam Esi+3.1302454,0.350106699,0.404276303,Nonsignificant,1.048628658,0.068503879,KPNGROWT
454,_396.248_14.146_His Leu Lys,0.102314652,0.137128711,Nonsignificant,1.015678328,0.022443564,KPNGROWT
455,_237.117_14.07_His Arg Tyr,9.18487615529898e-07,2.61179566608568e-06,Significant,0.91673768,-0.125419122,SPENTMEDIUM
456,_224.116_9.993_Butalbital Esi+9.99299,8.89023253825525e-29,1.70356077557378e-27,Significant,0.813138191,-0.29842754,SPENTMEDIUM
457,_504.295_6.687_C25 H34 N11 O,2.99710629517577e-38,1.51782025948544e-36,Significant,1.195978072,0.258190938,KPNGROWT
458,_215.145_14.334_Gly Lys Lys Val,0.996049151,0.996049151,Nonsignificant,0.999887637,-0.000162115,SPENTMEDIUM
459,_691.39_6.299_C33 H53 N7 O9,2.84611833397811e-40,2.1620334629898e-38,Significant,1.354850347,0.438133504,KPNGROWT
460,_228.147_6.607_L-isoleucyl-L-proline Esi+6.607192,9.33974568141829e-09,3.2566621417011e-08,Significant,1.1544157,0.207162825,KPNGROWT
461,_76.031_7.176_13-Butadiene Esi+7.1760178,1.10087639772906e-12,5.43286333635662e-12,Significant,0.925725216,-0.111344074,SPENTMEDIUM
462,_248.091_10.164_C11 H12 N4 O3,0.000821934,0.001655542,Significant,0.967211201,-0.048097142,SPENTMEDIUM
463,_294.099_2.707_17-Dimethylguanosine,1.30114032078514e-14,7.6875707286389e-14,Significant,1.20974774,0.274706244,KPNGROWT
464,_243.122_10.649_Gly Pro Ala,0.050304196,0.07214904,Nonsignificant,0.908584395,-0.138307567,SPENTMEDIUM
465,_353.206_12.118_His Val Val,1.55448129537484e-27,2.62411247243038e-26,Significant,0.921572993,-0.117829657,SPENTMEDIUM
466,_210.137_8.476_LL-Cycloleucylprolyl Esi+8.475995,0.263787762,0.317222834,Nonsignificant,1.011089729,0.015911034,KPNGROWT
467,_990.485_13.717_Goyasaponin III,1.98011671747167e-08,6.6238392396011e-08,Significant,1.045007177,0.06351285,KPNGROWT
468,_1084.036_13.569_1084.0365@13.569033,0.573378303,0.623504934,Nonsignificant,1.003371752,0.004856228,KPNGROWT
469,_372.178_11.49_C22 H28 O3 S,4.30215281732649e-16,2.95183194917853e-15,Significant,0.930723392,-0.103575627,SPENTMEDIUM
470,_208.085_2.98_L-Kynurenine,1.8692712957304e-21,2.0080505282922e-20,Significant,4.135401034,2.048027243,KPNGROWT
471,_331.175_9.583_Asp Val Val,1.82293065343772e-21,1.96820989840712e-20,Significant,0.91438041,-0.1291336,SPENTMEDIUM
472,_573.254_7.771_Tyr Asn Asn Phe,2.31070302121003e-35,7.9272021388931e-34,Significant,0.718034812,-0.477874303,SPENTMEDIUM
473,_194.106_8.457_Laccarin Esi+8.457012,0.02226374,0.034515287,Significant,0.97879248,-0.030925078,SPENTMEDIUM
474,_208.123_5.957_4-N-Maleimidophenyltrimethylammonium,0.798939737,0.830975462,Nonsignificant,1.024976488,0.035590816,KPNGROWT
475,_261.146_13.351_5-Hydroxy-6-desmethylprimaquine,6.81393908615574e-36,2.41554140604221e-34,Significant,0.712913992,-0.488200059,SPENTMEDIUM
476,_332.206_13.123_Val Lys Ser,0.001658002,0.003194356,Significant,0.960792838,-0.057702697,SPENTMEDIUM
477,_358.233_11.874_Ala Leu Arg,0.797395653,0.829874379,Nonsignificant,0.996253223,-0.005415609,SPENTMEDIUM
478,_346.185_10.8_Gln Thr Val,1.20126527989215e-39,7.74270075857757e-38,Significant,0.872625085,-0.196566148,SPENTMEDIUM
479,_202.107_10.379_Dinotefuran,6.78379753651842e-18,5.34412494821284e-17,Significant,0.820333359,-0.285717799,SPENTMEDIUM
480,_408.18_7.453_Phe Gly Trp,1.30106437846024e-05,3.32615857329919e-05,Significant,0.957114541,-0.063236507,SPENTMEDIUM
481,_179.095_6.4_N-Acetyltyramine,0.059896295,0.084370477,Nonsignificant,1.629819924,0.704712572,KPNGROWT
482,_283.164_14.391_cadralazine,0.142045951,0.18377843,Nonsignificant,0.78787861,-0.343954726,SPENTMEDIUM
483,_269.117_6.334_Methyl red,3.41382479759653e-14,1.95193692056124e-13,Significant,1.052518021,0.073844935,KPNGROWT
484,_153.079_1.948_n-Butyl-2-cyanoacrylate,1.20602179770373e-21,1.32227235243084e-20,Significant,1.481246569,0.566811813,KPNGROWT
485,_128.059_10.177_Hydrouracil Dihydrothymine,1.75848754741919e-07,5.41288424509495e-07,Significant,0.833803836,-0.262220086,SPENTMEDIUM
486,_183.057_5.314_Choline sulfate,0.013681993,0.022385846,Significant,1.388585966,0.473616496,KPNGROWT
487,_341.174_1.642_N1-2-Methoxy-4-methylbenzyl-n2-2-5-methylpyridin-2-ylethyloxalamide,0.013018966,0.021416351,Significant,0.552875967,-0.854972233,SPENTMEDIUM
488,_340.211_12.549_Pro Pro Lys,9.84416554888182e-10,3.78635445252651e-09,Significant,0.872603014,-0.196602638,SPENTMEDIUM
489,_136.1_4.083_23-Diethylpyrazine Esi+4.0830426,8.04270264878177e-23,9.50379362997713e-22,Significant,6.811741954,2.768023783,KPNGROWT
490,_722.691_13.565_220 Campesteryl ester,3.27796250773229e-18,2.65103659845878e-17,Significant,0.914878655,-0.128347691,SPENTMEDIUM
491,_562.268_1.402_C32 H38 N2 O7,0.176824661,0.223872651,Nonsignificant,1.301243606,0.379891075,KPNGROWT
492,_415.279_12.563_Leu Val Lys Gly,0.1696851,0.215895458,Nonsignificant,0.944541689,-0.08231362,SPENTMEDIUM
493,_488.263_7.959_Tyr Pro Pro Leu,0.020706155,0.032404506,Significant,1.204461436,0.268388203,KPNGROWT
494,_230.138_11.701_Ammodendrine,3.92384628970862e-08,1.26839225808666e-07,Significant,0.608571604,-0.716501077,SPENTMEDIUM
495,_342.154_11.773_C13 H16 N11 O,0.004275167,0.007725811,Significant,1.019404267,0.027726296,KPNGROWT
496,_212.116_2.894_Butethal Esi+2.8944128,0.000167657,0.000373019,Significant,1.323476828,0.404332936,KPNGROWT
497,_373.232_12.959_Gln Val Lys,0.023231058,0.03580613,Significant,0.731414079,-0.451239697,SPENTMEDIUM
498,_627.322_9.436_Gambogic acid amide,0.000829662,0.001669528,Significant,1.019350138,0.027649689,KPNGROWT
499,_382.196_10.911_Leu His Asn,9.92278667224204e-31,2.34508525020654e-29,Significant,0.88240936,-0.18048,SPENTMEDIUM
500,_360.165_11.038_Asn Val Glu,1.93601506426714e-08,6.4951167850098e-08,Significant,0.854545839,-0.226770213,SPENTMEDIUM
501,_344.242_12.017_Lys Val Val Esi+12.017032,8.18030340408725e-17,5.9998294277564e-16,Significant,1.086997343,0.120348414,KPNGROWT
502,_358.257_11.8_Ile Lys Val Esi+11.800262,0.118713635,0.156834722,Nonsignificant,0.882187826,-0.180842242,SPENTMEDIUM
503,_115.074_7.354_1H-Imidazole-4-methanol,0.736998959,0.778736605,Nonsignificant,0.98647245,-0.019649335,SPENTMEDIUM
504,_244.106_10.436_2S4S-Pinnatanine,0.000857287,0.001723487,Significant,0.961886188,-0.056061893,SPENTMEDIUM
505,_413.264_12.934_C20 H39 N5 S2,0.615209386,0.661552257,Nonsignificant,0.994483986,-0.007979955,SPENTMEDIUM
506,_325.175_12.141_Val His Ala,4.50082968404204e-15,2.77485934433548e-14,Significant,0.933957225,-0.098571618,SPENTMEDIUM
507,_248.128_13.47_8-Cyclopentyltheophylline,3.4106222546898e-27,5.53770498910321e-26,Significant,0.869690186,-0.201426541,SPENTMEDIUM
508,_358.233_12.239_Ala Leu Arg Esi+12.238988,0.272841774,0.327133288,Nonsignificant,0.956115809,-0.064742721,SPENTMEDIUM
509,_307.164_6.151_Benomyl,1.02668141241139e-05,2.6501836944163e-05,Significant,1.200301772,0.263397164,KPNGROWT
510,_471.233_10.517_Glu Asn Leu Pro,0.831237687,0.857856652,Nonsignificant,0.996585724,-0.004934188,SPENTMEDIUM
511,_138.079_6.672_2-Methoxy-35-dimethylpyrimidine,2.83185530243368e-07,8.49556590730105e-07,Significant,1.374822096,0.459244943,KPNGROWT
512,_618.287_9.512_C33 H46 O9 S,0.000289735,0.000623751,Significant,0.960294115,-0.058451758,SPENTMEDIUM
513,_572.307_11.801_C20 H39 N13 O7,1.38877970231838e-24,1.84620901676949e-23,Significant,1.144821293,0.195122411,KPNGROWT
514,_315.107_5.716_Hippeastrine,4.63304366733645e-10,1.8488712721247e-09,Significant,1.298007737,0.376298983,KPNGROWT
515,_643.3_12.164_Tyr Tyr Trp Leu,8.40061304735848e-08,2.65894404043623e-07,Significant,0.963536009,-0.053589511,SPENTMEDIUM
516,_599.239_8.806_C20 H27 N18 O5,2.08148779146875e-32,5.82542701638687e-31,Significant,1.115471261,0.157653344,KPNGROWT
517,_285.144_10.044_Histidinyl-Hydroxyproline Esi+10.043966,7.99143533440533e-12,3.65543719489896e-11,Significant,0.948292241,-0.076596364,SPENTMEDIUM
518,_209.043_7.165_1-2-Hydroxyethyl-2-hydroxymethyl-5-nitroimidazole,8.2993286936571e-08,2.63472718379234e-07,Significant,0.297271974,-1.750144639,SPENTMEDIUM
519,_214.078_6.75_Methyl bisnorbiotinyl ketone,0.068341521,0.095382163,Nonsignificant,1.167344967,0.223230961,KPNGROWT
520,_359.184_7.86_Pro Phe Pro,1.14785461015351e-16,8.27622629083563e-16,Significant,12.82822494,3.681249651,KPNGROWT
521,_662.446_1.598_C30 H50 N18,0.027523662,0.041637858,Significant,0.665012636,-0.58854634,SPENTMEDIUM
522,_259.153_9.838_Gamma-glutamyl-Leucine Esi+9.83819,1.99344119059458e-05,4.97658381736464e-05,Significant,0.387029741,-1.369483662,SPENTMEDIUM
523,_493.301_14.259_His Ile Lys Pro,0.127166988,0.166145075,Nonsignificant,0.956708309,-0.063848967,SPENTMEDIUM
524,_697.4_9.526_C37 H51 N11 O S,0.751521745,0.792507066,Nonsignificant,1.018897526,0.027008962,KPNGROWT
525,_462.282_11.455_Lys Thr Lys Ser,1.74611764006388e-27,2.90155642219989e-26,Significant,1.221265933,0.288377385,KPNGROWT
526,_198.101_2.634_Metharbital Esi+2.6344585,0.000432579,0.000910985,Significant,1.110002995,0.150563569,KPNGROWT
527,_226.132_7.649_Pilocarpic acid Esi+7.648998,4.1267479398137e-05,9.97453734998153e-05,Significant,4.902853386,2.29362162,KPNGROWT
528,_328.175_9.806_Pro Val Asn Esi+9.805991,1.22490369892915e-12,5.96194546366662e-12,Significant,0.911123388,-0.134281652,SPENTMEDIUM
529,_172.085_11.12_L-prolyl-L-glycine,9.77751919587819e-13,4.83646123944952e-12,Significant,0.882472645,-0.180376537,SPENTMEDIUM
530,_444.295_7.412_C20 H34 N11 O,0.000162497,0.000361918,Significant,0.957096484,-0.063263726,SPENTMEDIUM
531,_117.081_3.334_Trimethylammonioacetate,2.08456667367897e-07,6.34316640188152e-07,Significant,4.091217048,2.032530078,KPNGROWT
532,_194.081_1.712_Enprofylline,2.02521608727656e-09,7.53082975111405e-09,Significant,0.776533595,-0.364879754,SPENTMEDIUM
533,_259.153_9.417_Gamma-glutamyl-Leucine Esi+9.417376,4.82532634044828e-07,1.41956696073769e-06,Significant,0.610836506,-0.71114181,SPENTMEDIUM
534,_178.147_2.611_5678-Tetrahydro-24-dimethylquinoline,0.217070342,0.26703795,Nonsignificant,1.190682772,0.251789093,KPNGROWT
535,_314.195_13.333_Ala Pro Lys,0.073236929,0.101926991,Nonsignificant,1.552261255,0.634371392,KPNGROWT
536,_329.195_3.526_Pro Leu Thr Esi+3.5262158,8.94061390468607e-19,7.57636883476784e-18,Significant,1.781262975,0.832900523,KPNGROWT
537,_225.112_10.951_4-Methylnitrosamino-1-3-pyridyl-N-oxide-1-butanol,0.431347344,0.48646649,Nonsignificant,0.950328791,-0.073501357,SPENTMEDIUM
538,_584.317_9.788_Caracurine V,0.669025566,0.713291919,Nonsignificant,1.005906622,0.008496386,KPNGROWT
539,_159.126_7.665_DL-2-Aminooctanoic acid,0.050853148,0.072887228,Nonsignificant,1.077431038,0.107595531,KPNGROWT
540,_330.227_12.374_Lys Ala Ile Esi+12.374018,5.7134932138574e-07,1.67391185480368e-06,Significant,0.573608895,-0.801860698,SPENTMEDIUM
541,_210.095_5.539_2-Ethyl-1-hexanol sulfate,5.97448664769307e-11,2.56204296363773e-10,Significant,5.348092391,2.419024389,KPNGROWT
542,_316.211_13.101_Gly Lys Leu Esi+13.101335,2.87960428797185e-05,7.07265394978767e-05,Significant,1.285253009,0.362052389,KPNGROWT
543,_1304.722_10.167_1304.722@10.166993,7.2800803536738e-20,6.76189122806296e-19,Significant,0.930231275,-0.104338649,SPENTMEDIUM
544,_746.364_3.569_C38 H44 N13 O4,3.20976107350079e-18,2.60578694783823e-17,Significant,1.654754189,0.726616923,KPNGROWT
545,_131.07_9.857_3-Guanidinopropanoate,1.59282100541699e-15,1.02976604210393e-14,Significant,0.807972713,-0.307621525,SPENTMEDIUM
546,_530.249_10.567_Phe Asp Leu His,0.985866386,0.987723883,Nonsignificant,1.000826122,0.001191351,KPNGROWT
547,_366.158_1.435_Apodine,0.002934432,0.005422709,Significant,0.802504756,-0.317418153,SPENTMEDIUM
548,_199.03_2.275_Polyvidone,0.015393605,0.024785101,Significant,0.529979173,-0.91599243,SPENTMEDIUM
549,_319.164_8.457_Garcinia lactone dibutyl ester,3.5731860167505e-29,7.45114378198854e-28,Significant,0.841364706,-0.249196795,SPENTMEDIUM
550,_339.19_12.163_His Ala Leu Esi+12.163363,1.04534736412085e-22,1.2216779359808e-21,Significant,0.556718814,-0.844979256,SPENTMEDIUM
551,_414.168_1.44_1-2H-13-Benzodioxol-5-yl-2-26-dimethoxy-4-prop-2-en-1-ylphenoxypropyl acetate,0.559935592,0.610677454,Nonsignificant,1.122158719,0.166276747,KPNGROWT
552,_961.491_8.437_C47 H61 N16 O7,0.037997895,0.055585642,Nonsignificant,0.964617961,-0.051970422,SPENTMEDIUM
553,_224.153_7.548_Aspergillic acid Esi+7.5477347,0.001445378,0.002810163,Significant,0.541459144,-0.885075612,SPENTMEDIUM
554,_285.132_7.183_HC Blue No. 2,0.916761656,0.932099446,Nonsignificant,0.992132522,-0.011395256,SPENTMEDIUM
555,_709.401_9.288_C33 H55 N7 O10,5.38005792306751e-21,5.50162653959836e-20,Significant,1.321212292,0.401862297,KPNGROWT
556,_428.263_8.031_C19 H30 N11 O,2.21072155685857e-10,9.00805507938349e-10,Significant,0.337454839,-1.567233652,SPENTMEDIUM
557,_534.243_7.19_C35 H36 N O2 S,0.296912233,0.35026751,Nonsignificant,1.013497843,0.019343019,KPNGROWT
558,_990.986_13.717_C42 H9 N9 O22,0.000101702,0.000234113,Significant,1.026979879,0.038407916,KPNGROWT
559,_439.242_9.702_Ile Asn Pro Pro,0.257584884,0.310591297,Nonsignificant,0.694270093,-0.526431068,SPENTMEDIUM
560,_225.112_3.045_4-Methylnitrosamino-1-3-pyridyl-N-oxide-1-butanol Esi+3.0449965,9.79899261418589e-05,0.000226302,Significant,0.947878177,-0.077226442,SPENTMEDIUM
561,_698.371_12.982_Heudelottin C,0.02868551,0.043119491,Significant,0.971552303,-0.041636431,SPENTMEDIUM
562,_218.162_13.141_C10 H22 N2 O3,0.355918792,0.409653285,Nonsignificant,1.038385039,0.054341503,KPNGROWT
563,_667.355_9.692_C31 H55 O15,5.29448841425187e-10,2.09709066240479e-09,Significant,1.089095292,0.12313019,KPNGROWT
564,_225.112_3.745_4-Methylnitrosamino-1-3-pyridyl-N-oxide-1-butanol Esi+3.744996,4.55726241304538e-18,3.65784798209341e-17,Significant,1.134078163,0.181520077,KPNGROWT
565,_891.94_11.397_C35 H10 N O28,1.05932252072726e-14,6.31632486926394e-14,Significant,0.954412807,-0.067314693,SPENTMEDIUM
566,_384.157_1.388_Kanzonol N,0.094471677,0.127419947,Nonsignificant,1.591017636,0.669949828,KPNGROWT
567,_278.127_8.222_Tyrosyl-Proline Esi+8.222006,3.54035739360831e-09,1.27201692165623e-08,Significant,1.086072819,0.119120836,KPNGROWT
568,_454.207_8.489_Tyr Val Ser Ser Esi+8.489007,1.16173818123831e-08,3.99195009934391e-08,Significant,10.66175321,3.414372789,KPNGROWT
569,_430.224_8.183_C25 H28 N5 O2,1.1848735714079e-12,5.8069725492733e-12,Significant,1.188791872,0.249496158,KPNGROWT
570,_575.795_14.378_575.7954@14.378015,1.0210720911995e-15,6.76579544542472e-15,Significant,5.801356588,2.536390299,KPNGROWT
571,_765.366_11.755_C33 H51 N9 O12,1.46338546592535e-13,7.88005287600814e-13,Significant,1.079140846,0.109883173,KPNGROWT
572,_233.138_13.511_Lysinoalanine,7.71510681524059e-27,1.2338370072193e-25,Significant,0.81227542,-0.299959107,SPENTMEDIUM
573,_245.052_2.353_C13 H11 N O2 S,5.03969280818876e-09,1.7925462546852e-08,Significant,4.707011667,2.234811429,KPNGROWT
574,_194.106_1.884_Laccarin Esi+1.8840389,0.352055858,0.405885861,Nonsignificant,0.981179894,-0.027410424,SPENTMEDIUM
575,_567.266_11.876_C26 H39 N4 O10,1.70119189008366e-09,6.37048441938017e-09,Significant,1.074513877,0.103684114,KPNGROWT
576,_316.127_3.997_2-Hydroxypromazine sulfoxide Esi+3.9966407,0.296401981,0.350053867,Nonsignificant,1.265717338,0.339955256,KPNGROWT
577,_253.039_1.531_1-Chloro-2-chlorophenylmethylbenzene,0.284533437,0.337913244,Nonsignificant,1.271328842,0.346337246,KPNGROWT
578,_439.243_10.501_Val Gln Pro Pro,2.25793609099068e-11,1.00054793032024e-10,Significant,0.92444409,-0.113342026,SPENTMEDIUM
579,_411.223_14.549_His Lys Gln,0.000478936,0.000999702,Significant,1.618782732,0.694909365,KPNGROWT
580,_762.906_10.705_C26 H5 N O27,1.03312447315769e-39,7.07960901130815e-38,Significant,0.818614937,-0.288743104,SPENTMEDIUM
581,_455.31_11.868_C21 H35 N12,4.15619686370187e-36,1.49834419137184e-34,Significant,1.253020564,0.325410092,KPNGROWT
582,_342.19_9.699_Pro Asn Ile,0.067657256,0.094613402,Nonsignificant,1.086973457,0.120316711,KPNGROWT
583,_234.076_10.096_2-Isopropyl citrate,1.83553477742232e-38,9.5223962721397e-37,Significant,0.653214215,-0.614371909,SPENTMEDIUM
584,_500.259_11.1_C14 H36 N12 O6 S,3.42723894295517e-09,1.23975122987511e-08,Significant,0.905739358,-0.142832146,SPENTMEDIUM
585,_237.073_6.85_FK-409,3.04184667381853e-05,7.45392612351615e-05,Significant,1.556372567,0.638187456,KPNGROWT
586,_951.528_7.659_C43 H67 N16 O9,9.99540165278021e-25,1.33712071166437e-23,Significant,0.8179084,-0.289988815,SPENTMEDIUM
587,_348.223_12.642_C12 H28 N8 O4,6.63126455481948e-21,6.74866014741676e-20,Significant,0.801160314,-0.319837137,SPENTMEDIUM
588,_150.116_3.617_150.1157@3.616893,7.91110376687675e-13,3.94998068360255e-12,Significant,16.10901152,4.009796065,KPNGROWT
589,_559.266_9.488_C26 H31 N12 O3,4.17795489128575e-10,1.68305114654636e-09,Significant,1.169151107,0.225461403,KPNGROWT
590,_328.175_8.47_Pro Val Asn Esi+8.469978,1.45137462088794e-13,7.85514966572174e-13,Significant,1.496612874,0.58170109,KPNGROWT
591,_452.22_10.602_Phe Met Arg,0.092780764,0.125537332,Nonsignificant,0.925481982,-0.111723192,SPENTMEDIUM
592,_289.164_9.965_Gly Leu Thr,0.001488074,0.002880012,Significant,0.872865848,-0.196168155,SPENTMEDIUM
593,_346.185_10.618_Gln Thr Val Esi+10.618282,8.02938729817183e-35,2.58765254291083e-33,Significant,0.850375442,-0.233828161,SPENTMEDIUM
594,_664.308_10.198_Sarmentoside B,0.496545662,0.55036614,Nonsignificant,0.971438022,-0.041806141,SPENTMEDIUM
595,_1305.224_10.167_1305.2239@10.166993,6.0427790834189e-24,7.7427657291759e-23,Significant,0.92744001,-0.108674128,SPENTMEDIUM
596,_327.216_7.392_Diprotin B Esi+7.391705,8.3093894300617e-07,2.38153600759846e-06,Significant,0.307786043,-1.700000283,SPENTMEDIUM
597,_496.264_10.606_Ile Asp His Ile,0.105934254,0.141356435,Nonsignificant,1.038206803,0.054093846,KPNGROWT
598,_327.17_2.631_Methyl 6-O-digalloyl-beta-D-glucopyranoside,7.47581570741929e-06,1.9510503079363e-05,Significant,0.233295871,-2.099767323,SPENTMEDIUM
599,_410.228_11.946_Ala Ala His Ile,0.597709026,0.645999542,Nonsignificant,0.966796999,-0.0487151,SPENTMEDIUM
600,_85.089_13.279_Piperidine Esi+13.279036,2.17594664437542e-19,1.89681906253546e-18,Significant,0.850683115,-0.233306276,SPENTMEDIUM
601,_530.249_10.139_His Leu Asp Phe,0.01035846,0.017321104,Significant,0.903049045,-0.147123752,SPENTMEDIUM
602,_459.305_11.945_C20 H35 N12 O,9.03320072281584e-07,2.5721041415568e-06,Significant,1.250260781,0.322229045,KPNGROWT
603,_710.487_1.346_Spirolide B,0.132391239,0.172571283,Nonsignificant,1.366629064,0.450621714,KPNGROWT
604,_236.127_6.848_C11 H16 N4 O2 Esi+6.8480153,3.84562520884026e-07,1.14400626842003e-06,Significant,1.147431034,0.198407443,KPNGROWT
605,_401.263_12.354_C17 H29 N12,0.000119541,0.000272231,Significant,0.951434729,-0.071823408,SPENTMEDIUM
606,_242.076_5.718_C7 H10 N6 O4,2.28452711170238e-29,4.85918916659095e-28,Significant,1.218975054,0.285668602,KPNGROWT
607,_388.196_10.142_Leu Glu Gln,1.9745238723987e-14,1.14748969305793e-13,Significant,0.875037345,-0.192583505,SPENTMEDIUM
608,_383.181_11.824_Ile Asp His,3.4895995532664e-08,1.13318751905307e-07,Significant,1.567772178,0.648715929,KPNGROWT
609,_246.123_10.081_Glu-Val,5.64708012771325e-06,1.4995430002055e-05,Significant,0.838416951,-0.254260209,SPENTMEDIUM
610,_379.209_14.936_2-bromo-octadecanoic acid,1.84953525191117e-10,7.56531054002896e-10,Significant,10.14599686,3.342838715,KPNGROWT
611,_1088.59_7.1_1088.5897@7.0999827,0.24649274,0.298230977,Nonsignificant,0.963993,-0.052905424,SPENTMEDIUM
612,_165.067_5.488_C8 H9 N2 O2,3.50508233969272e-09,1.26361188754685e-08,Significant,0.752510522,-0.410216339,SPENTMEDIUM
613,_913.527_7.813_C44 H65 N16 O6,3.48243466079551e-37,1.42444971606001e-35,Significant,1.26009383,0.333531165,KPNGROWT
614,_157.074_10.871_Ethadione,3.87175615879068e-16,2.6824838272794e-15,Significant,0.877801511,-0.188033341,SPENTMEDIUM
615,_149.048_2.83_Gentianadine Esi+2.829851,0.008520695,0.014429553,Significant,0.556142193,-0.846474301,SPENTMEDIUM
616,_487.3_11.802_2-8-3-ladderane-octanyl-sn-glycero-3-phosphoethanolamine,1.30755005652672e-05,3.33872625478072e-05,Significant,1.28550175,0.362331575,KPNGROWT
617,_285.169_9.307_Leu-Gly-Pro,0.179846195,0.226887816,Nonsignificant,0.914285058,-0.129284053,SPENTMEDIUM
618,_278.163_6.666_Phenylalanyl-Isoleucine,6.15473260211302e-05,0.000145781,Significant,0.386394235,-1.371854526,SPENTMEDIUM
619,_165.082_7.726_Methyl N-methylanthranilate Esi+7.7262955,0.4590899,0.514209698,Nonsignificant,0.936926649,-0.09399199,SPENTMEDIUM
620,_789.406_6.767_C40 H49 N14 O4 Esi+6.767438,3.22388270741376e-11,1.39657810970857e-10,Significant,1.441273611,0.527344243,KPNGROWT
621,_357.262_5.176_Leucyl-leucyl-norleucine,2.99891577704061e-31,7.41708588112253e-30,Significant,2.059150013,1.042048937,KPNGROWT
622,_127.1_5.265_127.0996@5.264501,0.784877191,0.820360582,Nonsignificant,0.956166831,-0.064665734,SPENTMEDIUM
623,_212.116_9.367_Butabarbital,0.325797736,0.37950262,Nonsignificant,1.109995728,0.150554124,KPNGROWT
624,_243.159_13.128_Prolyl-Lysine,1.68389002046509e-09,6.31681494449602e-09,Significant,0.765749263,-0.385056021,SPENTMEDIUM
625,_356.181_10.995_Ser Pro His,8.05540511408712e-15,4.88143779990407e-14,Significant,0.864503386,-0.21005648,SPENTMEDIUM
626,_590.788_14.095_590.7876@14.094977,1.31202815294251e-27,2.28744580435141e-26,Significant,7.231808423,2.85435646,KPNGROWT
627,_313.164_4.894_Thr Pro Pro Esi+4.893926,0.971222742,0.975595519,Nonsignificant,1.007084638,0.010184936,KPNGROWT
628,_297.144_13.132_Ala Ala His,3.75330284555127e-39,2.34802210367281e-37,Significant,0.527111029,-0.923821217,SPENTMEDIUM
629,_221.078_4.178_?-Glutamyl-?-aminopropiononitrile,3.13673350632277e-11,1.36438285643119e-10,Significant,1.893877545,0.921343051,KPNGROWT
630,_1018.015_13.728_1018.0147@13.728024,9.82045153934349e-08,3.08995568405083e-07,Significant,1.045174409,0.063743705,KPNGROWT
631,_110.048_5.141_Methoxypyrazine,7.82530196840163e-07,2.25840126008009e-06,Significant,1.248998593,0.320771852,KPNGROWT
632,_173.107_6.517_Acetyl-DL-Leucine,0.000137486,0.000308473,Significant,1.199486033,0.262416358,KPNGROWT
633,_261.112_2.377_Tryptophyl-Glycine,0.244936533,0.297363017,Nonsignificant,1.095564143,0.131673954,KPNGROWT
634,_359.185_8.044_Pro Pro Phe,0.02408019,0.036980912,Significant,1.698989434,0.764676881,KPNGROWT
635,_677.314_11.456_C30 H49 N2 O15,7.3170668827602e-12,3.37600895002841e-11,Significant,1.054772819,0.076932299,KPNGROWT
636,_300.143_10.699_Gln Gly Pro,2.03772842293693e-16,1.44474945186229e-15,Significant,0.827103753,-0.27385978,SPENTMEDIUM
637,_416.238_12.25_Distigmine,8.73860642181589e-07,2.49490145761106e-06,Significant,3.046139662,1.606982089,KPNGROWT
638,_723.025_13.566_723.0248@13.565995,0.022527879,0.034873944,Significant,2.195578232,1.134600941,KPNGROWT
639,_812.438_7.844_C33 H48 N24 O2,7.32292509573887e-28,1.30889593938122e-26,Significant,0.810839871,-0.302511063,SPENTMEDIUM
640,_372.248_12.14_Val Arg Val,1.36942814204031e-27,2.34901101461269e-26,Significant,0.920385314,-0.119690131,SPENTMEDIUM
641,_212.116_10.043_Butethal Esi+10.042835,0.001499522,0.002899531,Significant,1.872008106,0.904586682,KPNGROWT
642,_996.502_11.643_C44 H56 N26 O3,1.32267969567712e-37,5.98582917596857e-36,Significant,1.200378181,0.263489,KPNGROWT
643,_985.527_7.276_C49 H59 N23 O,3.16202210707514e-08,1.03312150871718e-07,Significant,1.07781499,0.108109557,KPNGROWT
644,_188.116_9.979_Valyl-Alanine Esi+9.978542,8.0657155225198e-29,1.57392448774308e-27,Significant,0.84566219,-0.241846618,SPENTMEDIUM
645,_165.066_3.32_6-O-Methylguanine Esi+3.319999,0.000354394,0.000753797,Significant,3.023766444,1.59634671,KPNGROWT
646,_203.058_8.271_Anibine,0.399449448,0.455449546,Nonsignificant,1.009688515,0.013910296,KPNGROWT
647,_318.136_11.988_Carajurin,4.26610028613244e-07,1.26378764743784e-06,Significant,0.447109631,-1.161299472,SPENTMEDIUM
648,_756.366_11.472_C30 H40 N22 O3,3.3519835196735e-16,2.337596375851e-15,Significant,4.215384952,2.075664385,KPNGROWT
649,_230.076_5.729_Benzanthrone,0.103531818,0.138498225,Nonsignificant,1.139997581,0.189030763,KPNGROWT
650,_712.412_12.673_PI130120,0.99248594,0.993289695,Nonsignificant,1.000788082,0.001136514,KPNGROWT
651,_583.265_8.864_Arg Met Met Phe,6.9306136135958e-13,3.47674885757506e-12,Significant,1.802021226,0.849616004,KPNGROWT
652,_410.253_9.169_Tilorone,2.33386286475937e-29,4.91497654786453e-28,Significant,1.911863227,0.934979318,KPNGROWT
653,_510.245_11.588_C24 H36 N3 O9 Esi+11.587887,0.003124652,0.005749251,Significant,0.812967353,-0.298730677,SPENTMEDIUM
654,_1041.998_14.067_1041.9983@14.066953,8.79409611081864e-30,1.94844191955326e-28,Significant,1.217172553,0.283533707,KPNGROWT
655,_779.49_12.802_C37 H65 N9 O9,3.88623633465754e-13,1.98226011602316e-12,Significant,1.071635466,0.099814234,KPNGROWT
656,_203.117_1.847_Triacanthine,0.280125988,0.334056287,Nonsignificant,1.407833943,0.493477175,KPNGROWT
657,_359.217_13.125_Asn Lys Val Esi+13.125,0.640042303,0.685828705,Nonsignificant,1.028985473,0.041222615,KPNGROWT
658,_487.245_9.937_C25 H29 N9 O2,0.851738283,0.875614948,Nonsignificant,1.013188309,0.018902335,KPNGROWT
659,_170.142_13.463_C9 H18 N2 O,2.57153372584242e-08,8.49324881190502e-08,Significant,0.676075061,-0.564744664,SPENTMEDIUM
660,_196.121_2.582_Fasoracetam Esi+2.5820856,0.000145462,0.000325682,Significant,4.49808919,2.169312268,KPNGROWT
661,_202.096_10.795_Ser Pro,0.357190874,0.410895072,Nonsignificant,1.245603023,0.316844351,KPNGROWT
662,_398.22_1.401_Mitragynine,4.1169660726774e-05,9.96221483115453e-05,Significant,0.733229354,-0.447663552,SPENTMEDIUM
663,_924.965_13.883_C53 H5 N2 O16,1.5151511976288e-06,4.21271450634832e-06,Significant,1.04184841,0.059145379,KPNGROWT
664,_302.17_13.596_Gamma-glutamyl-Arginine,4.36594740325305e-35,1.45099533229988e-33,Significant,0.442949108,-1.174787144,SPENTMEDIUM
665,_660.323_13.704_Tyr Tyr Trp Leu Esi+13.703993,6.2598479723881e-11,2.67363386290552e-10,Significant,0.657012356,-0.606007593,SPENTMEDIUM
666,_155.142_12.901_Ethyldimethylaminopropyl Carbodiimide,6.97831577912498e-05,0.000164191,Significant,0.831130873,-0.266852428,SPENTMEDIUM
667,_431.274_12.363_Istamycin C1,1.36920465970437e-22,1.59141984218098e-21,Significant,0.9042436,-0.145216613,SPENTMEDIUM
668,_242.15_12.979_3S5R6R7E-356-Trihydroxy-7-megastigmen-9-one,0.590756153,0.639459714,Nonsignificant,1.069540221,0.096990737,KPNGROWT
669,_157.057_2.417_C7 H11 N O S,0.184274456,0.231103637,Nonsignificant,0.363685843,-1.459235325,SPENTMEDIUM
670,_292.106_2.511_4-tert-Butylphenyl salicylate,3.43613045210566e-14,1.9594234508388e-13,Significant,14.83028312,3.890474235,KPNGROWT
671,_720.499_1.343_PG1401819Z,6.7009012917276e-10,2.61519578853296e-09,Significant,0.88357118,-0.178581732,SPENTMEDIUM
672,_469.289_9.453_C19 H31 N15,0.607653334,0.655082941,Nonsignificant,0.984426285,-0.022644916,SPENTMEDIUM
673,_226.131_8.229_Pilocarpic acid Esi+8.228986,4.67265551799384e-07,1.37655654941453e-06,Significant,1.480122562,0.565716643,KPNGROWT
674,_517.239_10.544_C38 H31 N O,0.023999929,0.036884284,Significant,1.124339405,0.169077609,KPNGROWT
675,_341.195_3.323_PCO-6000U,0.902844395,0.92191552,Nonsignificant,0.990088692,-0.014370328,SPENTMEDIUM
676,_244.086_2.401_CGP 57380,0.973783433,0.976998756,Nonsignificant,1.003027532,0.004361206,KPNGROWT
677,_554.362_1.32_2xi3xi-23-Dihydroxy-1218-ursadien-28-oic acid diacetate,1.86637827102589e-15,1.20296563105214e-14,Significant,0.730087607,-0.453858504,SPENTMEDIUM
678,_1092.109_9.588_1092.1093@9.587979,0.059637146,0.084116849,Nonsignificant,1.029085666,0.041363084,KPNGROWT
679,_597.291_10.897_Glu Phe Phe Arg,1.26844232871313e-25,1.83535838991349e-24,Significant,0.919213875,-0.121527519,SPENTMEDIUM
680,_383.205_1.939_PC0080U,5.93202201734237e-27,9.55864456885395e-26,Significant,1.355189651,0.438494762,KPNGROWT
681,_418.225_7.747_Cys Ala Ile Ile,7.86874510069261e-16,5.27975420478649e-15,Significant,1.105595097,0.144823123,KPNGROWT
682,_785.529_1.367_C41 H69 N8 O7,1.07787717871164e-06,3.04064291660432e-06,Significant,0.660792124,-0.597731604,SPENTMEDIUM
683,_327.216_6.897_Diprotin B Esi+6.897308,0.893514148,0.913704131,Nonsignificant,1.03043699,0.043256289,KPNGROWT
684,_220.084_7.455_N-Hydroxy-L-tryptophan,0.399562225,0.455449546,Nonsignificant,0.988697405,-0.01639905,SPENTMEDIUM
685,_210.137_8.305_LL-Cycloleucylprolyl Esi+8.305011,2.99574028252456e-05,7.34941128134919e-05,Significant,1.047325587,0.066710009,KPNGROWT
686,_260.138_9.601_Leucyl-glutamate Esi+9.600729,0.27606379,0.330623695,Nonsignificant,1.14910068,0.200505207,KPNGROWT
687,_243.122_10.487_Gly Pro Ala Esi+10.486617,8.5990132702602e-06,2.23322359289908e-05,Significant,0.858086777,-0.220804543,SPENTMEDIUM
688,_175.097_11.404_Argininic acid,0.008281035,0.014079746,Significant,1.375701913,0.4601679,KPNGROWT
689,_429.294_11.917_Ala Lys Val Leu,7.5040345641775e-07,2.16862520625075e-06,Significant,1.384627579,0.46949799,KPNGROWT
690,_122.037_8.29_3-2-Furanyl-2-propenal,4.08899342445624e-13,2.0707830985282e-12,Significant,10.0138603,3.323926329,KPNGROWT
691,_302.094_5.218_2-Hydroxy-4-4-methoxyphenyl-1H-phenalen-1-one,0.008369361,0.014184566,Significant,0.539903661,-0.889226094,SPENTMEDIUM
692,_401.239_12.683_Val Gln Arg,0.000204795,0.000449534,Significant,0.661039476,-0.597191666,SPENTMEDIUM
693,_789.406_7.581_C40 H49 N14 O4 Esi+7.5810704,9.99698525591973e-07,2.83136985876715e-06,Significant,1.578086719,0.658176487,KPNGROWT
694,_694.666_14.063_200 Campesteryl ester,8.61958145324194e-12,3.91748926304393e-11,Significant,1.042161288,0.05957857,KPNGROWT
695,_436.197_10.14_C23 H26 N5 O4,1.06345610461884e-15,7.00300660843425e-15,Significant,0.342768404,-1.544693964,SPENTMEDIUM
696,_161.066_2.021_L-2-Aminoadipic acid,0.105553062,0.140936198,Nonsignificant,1.240336018,0.310731013,KPNGROWT
697,_455.272_9.756_C18 H29 N15,0.123017028,0.161716451,Nonsignificant,1.101733729,0.139775591,KPNGROWT
698,_224.091_9.823_Temurin Esi+9.823378,0.003489957,0.006371792,Significant,0.930428459,-0.104032869,SPENTMEDIUM
699,_1018.516_13.728_1018.5162@13.728024,0.000111179,0.000254551,Significant,1.037141749,0.052613085,KPNGROWT
700,_242.142_2.885_Selagine,0.000347052,0.000739439,Significant,2.033472122,1.023945213,KPNGROWT
701,_227.127_2.99_C10 H17 N3 O3 Esi+2.9898534,0.026762783,0.040573371,Significant,1.11525517,0.157373837,KPNGROWT
702,_1092.61_9.589_Notoginsenoside I,3.1985826877274e-11,1.38844599526453e-10,Significant,0.951756529,-0.071335534,SPENTMEDIUM
703,_257.149_9.751_C10 H19 N5 O3,1.40226421814132e-50,5.96523198397317e-48,Significant,0.774936172,-0.367850607,SPENTMEDIUM
704,_151.05_6.061_151.0496@6.060936,0.005230433,0.009247824,Significant,2.130467483,1.091170032,KPNGROWT
705,_160.121_12.789_Bethanechol,0.023424882,0.036078729,Significant,1.307535677,0.386850312,KPNGROWT
706,_268.154_11.975_Leucyl-Histidine Esi+11.974885,0.267641454,0.321441769,Nonsignificant,1.129379404,0.175530227,KPNGROWT
707,_695_14.063_C24 H13 N3 O22,4.76231177031219e-09,1.69672313826701e-08,Significant,1.273761338,0.349094988,KPNGROWT
708,_417.166_11.685_Phe His Asp,0.00581312,0.010176548,Significant,0.489398023,-1.03091982,SPENTMEDIUM
709,_129.058_7.442_Quinoline,5.67881236212949e-18,4.50702757248113e-17,Significant,2.550389005,1.350717315,KPNGROWT
710,_668.386_10.567_C22 H46 N21 O2 S,7.75199952781191e-16,5.21788069482782e-15,Significant,0.899507005,-0.152793578,SPENTMEDIUM
711,_567.83_12.154_Thr Arg Arg Gln,0.311639373,0.365411767,Nonsignificant,0.604714203,-0.725674632,SPENTMEDIUM
712,_587.292_11.221_Gln Ala Gln Ile Glu,1.00916401590639e-10,4.24207877832588e-10,Significant,1.470746265,0.556548372,KPNGROWT
713,_648.812_14.422_648.8117@14.421509,1.00595833018386e-19,9.18314750343809e-19,Significant,1.24436238,0.315406685,KPNGROWT
714,_444.186_8.005_C17 H22 N11 O4,0.030337828,0.045442648,Significant,1.441834881,0.527905956,KPNGROWT
715,_172.085_10.77_L-prolyl-L-glycine Esi+10.770318,0.914968327,0.93072101,Nonsignificant,0.991961886,-0.011643405,SPENTMEDIUM
716,_273.18_12.559_Valyl-Arginine,1.75454065187736e-08,5.92366343895737e-08,Significant,0.366102317,-1.449681191,SPENTMEDIUM
717,_674.324_12.764_Uzarigenin 3-xylosyl-1-2-rhamnoside,0.001046923,0.002075307,Significant,1.094148244,0.12980822,KPNGROWT
718,_360.165_11.293_Asn Val Glu Esi+11.29279,0.011609252,0.019246204,Significant,1.127285929,0.172853493,KPNGROWT
719,_653.35_14.095_Trp Arg Arg His,6.44242270898123e-15,3.93765319023077e-14,Significant,1.149476306,0.200976728,KPNGROWT
720,_440.185_1.417_13-Dihydroxy-67-dimethoxy-2-2-hydroxy-3-methyl-3-butenyl-8-3-methyl-2-butenyl-xanthone,0.792800138,0.826820097,Nonsignificant,0.95369913,-0.068393894,SPENTMEDIUM
721,_531.302_13.365_Lys Leu Gly Gln Ser,3.20214165267439e-09,1.16426586243392e-08,Significant,0.954970919,-0.066471295,SPENTMEDIUM
722,_289.164_9.753_Gly Leu Thr Esi+9.752648,1.99106588789289e-11,8.84133015354525e-11,Significant,0.370315323,-1.433173849,SPENTMEDIUM
723,_524.259_9.16_C22 H30 N13 O3,3.30083033922551e-12,1.54986007318602e-11,Significant,1.259918506,0.33333042,KPNGROWT
724,_415.279_12.291_Leu Val Lys Gly Esi+12.291268,0.008894029,0.015037837,Significant,1.352473305,0.435600118,KPNGROWT
725,_315.106_5.525_1R*3R*3S*-1234-Tetrahydro-1-2-thio-3-pyrrolidinyl-beta-carboline-3-carboxylic acid,1.04054264982825e-08,3.60461598727146e-08,Significant,1.073173017,0.101882686,KPNGROWT
726,_544.284_10.884_Asn Ala Glu Val Leu,3.69809586842533e-07,1.10165965156032e-06,Significant,2.233134238,1.159069977,KPNGROWT
727,_658.332_8.834_C31 H40 N13 O4 Esi+8.834384,0.182889841,0.229909392,Nonsignificant,1.020591562,0.029405619,KPNGROWT
728,_228.111_9.878_Tetraacetylethylenediamine Esi+9.877708,1.06306555465293e-07,3.33501539048199e-07,Significant,1.829373724,0.871349835,KPNGROWT
729,_775.339_9.148_C36 H45 N11 O9,7.49898697036365e-13,3.7530224202267e-12,Significant,1.614491285,0.691079653,KPNGROWT
730,_344.217_12.49_Val Ala Arg,1.95612404745123e-13,1.04016896223219e-12,Significant,0.74120797,-0.4320497,SPENTMEDIUM
731,_752.442_10.058_C27 H54 N21 O3 S,0.00347119,0.006342974,Significant,0.980738469,-0.028059627,SPENTMEDIUM
732,_228.09_6.609_Ozagrel,1.05429861902315e-19,9.58330411394116e-19,Significant,2.277882869,1.187693564,KPNGROWT
733,_208.122_6.251_4-N-Maleimidophenyltrimethylammonium Esi+6.250924,0.000218112,0.000477289,Significant,1.626545347,0.701811044,KPNGROWT
734,_559.285_10.558_C22 H29 N19,0.934197652,0.946357138,Nonsignificant,1.000709609,0.001023387,KPNGROWT
735,_552.324_8.066_Homobatrachotoxin,0.004680334,0.00839382,Significant,1.138879814,0.187615508,KPNGROWT
736,_426.212_7.154_C18 H24 N11 O2,9.54806153971472e-20,8.75376159266087e-19,Significant,1.292955428,0.370672542,KPNGROWT
737,_645.654_13.951_C42 H83 N3 O,2.54362750132894e-08,8.42725186187952e-08,Significant,0.951708551,-0.071408261,SPENTMEDIUM
738,_114.047_4.238_C9 H6 Esi+4.2379932,1.3187950652553e-05,3.36340180311514e-05,Significant,1.165663177,0.221150976,KPNGROWT
739,_301.2_7.617_Ala Ile Val Esi+7.6171775,1.41751426597847e-06,3.96196168690697e-06,Significant,0.634924762,-0.65534245,SPENTMEDIUM
740,_176.131_6.383_Cyclohexylmethylpyrazine Esi+6.3830113,4.43110541934061e-12,2.07598264910517e-11,Significant,1.64012312,0.713804118,KPNGROWT
741,_386.264_11.75_Arg Ile Val,1.50367554305207e-07,4.66907719718504e-07,Significant,1.063275807,0.088515871,KPNGROWT
742,_763.407_10.705_C28 H49 N19 O7,1.98384977112659e-15,1.27481826682364e-14,Significant,0.818656891,-0.288669166,SPENTMEDIUM
743,_260.138_9.646_Leucyl-glutamate Esi+9.645997,0.107575359,0.143276637,Nonsignificant,1.438060314,0.524124186,KPNGROWT
744,_454.28_2.433_Verapamil,2.06653006584983e-16,1.46030214287794e-15,Significant,1.88630614,0.915563838,KPNGROWT
745,_1042.5_14.066_1042.4998@14.065967,7.06924928930602e-24,8.96414375140607e-23,Significant,1.190442103,0.251497457,KPNGROWT
746,_101.039_7.176_C8 H5,1.90858043065682e-25,2.70636705067137e-24,Significant,0.918949221,-0.121942951,SPENTMEDIUM
747,_330.19_9.715_Gln Ala Ile,0.336690057,0.39005433,Nonsignificant,0.972295453,-0.040533321,SPENTMEDIUM
748,_493.301_14.052_His Ile Lys Pro Esi+14.0518675,6.22065936506435e-07,1.81749209745767e-06,Significant,1.410046839,0.495743087,KPNGROWT
749,_147.069_1.642_3-2-Furanylmethyl-1H-pyrrole,0.153051717,0.196701512,Nonsignificant,1.12912403,0.175203969,KPNGROWT
750,_580.358_7.778_Arg Arg Leu His,3.51248989028189e-08,1.13888201168134e-07,Significant,1.096643417,0.133094498,KPNGROWT
751,_328.175_10.111_Pro Val Asn Esi+10.111254,0.104182858,0.139281545,Nonsignificant,1.148083714,0.199227842,KPNGROWT
752,_441.192_7.783_C29 H23 N5,5.06722023135634e-29,1.0264740411519e-27,Significant,1.208206856,0.272867478,KPNGROWT
753,_171.033_7.986_2-4-Methyl-5-thiazolylethyl formate,1.00016878079898e-27,1.77279916396618e-26,Significant,0.519412508,-0.945047338,SPENTMEDIUM
754,_660.657_13.706_660.6574@13.7055025,0.102284264,0.137128711,Nonsignificant,1.226761982,0.294855363,KPNGROWT
755,_661.313_13.582_Tyr Ser Phe Val Phe,0.000647475,0.001324212,Significant,1.05926867,0.083068557,KPNGROWT
756,_405.19_3.609_Imidapril,1.02566836045467e-20,1.02905500126749e-19,Significant,1.253988394,0.326523996,KPNGROWT
757,_456.269_13.459_5E-3S-1alpha25-dihydroxy-3-deoxy-3-thiavitamin D3 3-oxide  5E-3S-1alpha25-dihydroxy-3-deoxy-3-thiacholecalciferol 3-oxide,9.36630519747846e-15,5.65969635086269e-14,Significant,0.935962205,-0.095477821,SPENTMEDIUM
758,_373.232_13.09_Gln Val Lys Esi+13.090487,0.055547875,0.078977493,Nonsignificant,0.834688106,-0.260690882,SPENTMEDIUM
759,_272.102_11.325_Rutalinium,3.43128085254638e-23,4.1001878502057e-22,Significant,0.536578208,-0.89813963,SPENTMEDIUM
760,_184.121_13.062_Istamycin C0,0.001004423,0.001994779,Significant,0.919259984,-0.121455155,SPENTMEDIUM
761,_657.445_1.374_Mosesin 4,4.04185591303317e-08,1.3025799283366e-07,Significant,0.638898113,-0.646342217,SPENTMEDIUM
762,_925.466_13.882_C29 H65 N16 O18,0.000159474,0.000355931,Significant,1.043892789,0.06197355,KPNGROWT
763,_214.132_7.839_Valyl-Proline Esi+7.8388405,0.000117756,0.000268741,Significant,1.469393168,0.555220472,KPNGROWT
764,_211.132_12.031_Isouron,0.006317,0.010977337,Significant,1.129788354,0.176052534,KPNGROWT
765,_490.78_14.817_490.7799@14.817003,2.48763019850902e-24,3.22633501965163e-23,Significant,6.638631352,2.73088584,KPNGROWT
766,_450.211_7.184_Phe Gly Asp Ile,7.79372750012903e-37,3.01404698050445e-35,Significant,1.290846084,0.368316989,KPNGROWT
767,_434.184_9.609_Cys Ala Glu Leu,0.789091437,0.824360259,Nonsignificant,0.997839434,-0.00312041,SPENTMEDIUM
768,_199.07_5.703_7-Methyluric acid,0.920961981,0.935475709,Nonsignificant,0.997323952,-0.003865896,SPENTMEDIUM
769,_359.187_7.242_Pro Met Leu,0.001511416,0.002919874,Significant,2.117932945,1.082656913,KPNGROWT
770,_577.279_10.339_C25 H39 N9 O5 S,0.025973177,0.03951713,Significant,1.018267286,0.026116306,KPNGROWT
771,_401.261_12.728_9a-Fluorotetrahydrocortisol,0.087457344,0.119168335,Nonsignificant,1.128276282,0.174120385,KPNGROWT
772,_129.058_1.748_Quinoline Esi+1.7480007,2.60010965788249e-17,1.9542166933979e-16,Significant,15.79578556,3.981467783,KPNGROWT
773,_187.121_5.22_E-2-Butenyl-4-methyl-threonine,0.837822114,0.862977064,Nonsignificant,1.073573946,0.102421565,KPNGROWT
774,_403.243_13.093_Lys Glu Lys,1.66212074230478e-09,6.24616752452699e-09,Significant,1.968202712,0.976878817,KPNGROWT
775,_341.232_7.149_Diprotin A Esi+7.1489115,2.23492700821942e-05,5.54689585353875e-05,Significant,1.419444876,0.505326823,KPNGROWT
776,_284.16_10.447_Glyceryl 5-hydroxydecanoate,1.04611240111748e-48,3.70846846196148e-46,Significant,0.796527361,-0.328204176,SPENTMEDIUM
777,_200.081_4.14_alphaalpha-Dimethylphenethyl formate,0.245698118,0.297760383,Nonsignificant,0.781875841,-0.354988564,SPENTMEDIUM
778,_227.139_8.768_C11 H19 N2 O3,0.651733364,0.696951666,Nonsignificant,1.108686248,0.148851149,KPNGROWT
779,_1042.575_9.974_PIP2038Z11Z14Z180,1.70272261910321e-20,1.69685597914998e-19,Significant,0.917475013,-0.124259227,SPENTMEDIUM
780,_129.042_7.593_R-+-2-Pyrrolidone-5-carboxylic acid Esi+7.5930114,1.64178723446794e-13,8.79617493126778e-13,Significant,1.42372153,0.509666993,KPNGROWT
781,_601.257_4.109_C36 H29 N10,3.44503194319601e-38,1.704089056553e-36,Significant,1.804805456,0.851843334,KPNGROWT
782,_398.227_9.486_C16 H24 N13,0.471792971,0.526221107,Nonsignificant,0.986867531,-0.019071652,SPENTMEDIUM
783,_422.227_12.315_Arg Phe Thr,1.93687361413484e-05,4.84674138501741e-05,Significant,0.964191492,-0.052608395,SPENTMEDIUM
784,_180.091_8.222_Pyridostigmine,0.00131526,0.002571285,Significant,0.897825282,-0.155493373,SPENTMEDIUM
785,_526.239_10.044_C22 H24 N17,5.93077845190373e-16,4.01744132713351e-15,Significant,0.904585999,-0.144670429,SPENTMEDIUM
786,_572.458_1.319_all-trans-retinyl oleate,2.96772432492044e-13,1.53212369881208e-12,Significant,0.718722629,-0.476492986,SPENTMEDIUM
787,_113.084_8.739_N-Acetylpyrrolidine,4.87101793353528e-14,2.72648819595514e-13,Significant,0.622440756,-0.683991567,SPENTMEDIUM
788,_427.207_11.84_Lisinopril,1.71989028340813e-07,5.30944358898272e-07,Significant,0.880131456,-0.184209075,SPENTMEDIUM
789,_236.116_6.601_Prolyl-Valine,1.28478467049367e-15,8.40842152043088e-15,Significant,1.138271857,0.186845162,KPNGROWT
790,_426.186_13.343_Gly Val Asp His,0.00144835,0.002810803,Significant,0.931912291,-0.101733916,SPENTMEDIUM
791,_260.138_9.503_Leucyl-glutamate Esi+9.502569,1.20169911851638e-08,4.11596461366237e-08,Significant,0.633780576,-0.65794465,SPENTMEDIUM
792,_316.211_12.288_Gly Leu Lys,2.17899767680625e-10,8.89583120646235e-10,Significant,1.616107287,0.692522976,KPNGROWT
793,_429.295_11.659_C19 H33 N12,4.53300010714154e-09,1.62045230720841e-08,Significant,1.2327623,0.301894648,KPNGROWT
794,_372.274_11.089_Ile Ile Lys Esi+11.089058,6.72290205157975e-06,1.76320748011222e-05,Significant,0.745323097,-0.424062127,SPENTMEDIUM
795,_285.168_13.47_Leu-Gly-Pro Esi+13.469976,0.091094849,0.123491869,Nonsignificant,0.932142911,-0.101376937,SPENTMEDIUM
796,_152.095_6.783_4-Hydroxylamino-NN-dimethylaniline,0.000732477,0.001488041,Significant,0.443152278,-1.174125564,SPENTMEDIUM
797,_198.101_10.675_Metharbital Esi+10.675463,0.027650388,0.041777677,Significant,0.807956633,-0.307650237,SPENTMEDIUM
798,_594.312_12.738_Glu Lys Arg Tyr,0.08647997,0.118139303,Nonsignificant,1.047574159,0.067052377,KPNGROWT
799,_503.239_10.328_Trp Ala Asp Leu,0.05928077,0.083669673,Nonsignificant,1.381554382,0.466292352,KPNGROWT
800,_486.249_2.921_C28 H32 N5 O3,7.08028279377631e-24,8.96414375140607e-23,Significant,2.091195184,1.064327724,KPNGROWT
801,_370.221_9.847_Val Val Pro Gly,0.818623598,0.846893188,Nonsignificant,1.019259058,0.027520778,KPNGROWT
802,_212.08_6.059_4-Hydroxy-35-dimethoxybenzoic acid,6.2295254904139e-26,9.39730547383714e-25,Significant,0.765740053,-0.385073373,SPENTMEDIUM
803,_302.159_10.237_Gly Gln Val,2.41579494489563e-21,2.5437603206896e-20,Significant,0.877876319,-0.187910398,SPENTMEDIUM
804,_246.133_12.815_L-N2-2-Carboxyethylarginine,3.31188786436013e-07,9.89379984198594e-07,Significant,0.83525349,-0.259713989,SPENTMEDIUM
805,_430.289_14.518_C18 H32 N13,1.88416107064311e-13,1.00441368352328e-12,Significant,2.983194644,1.576858112,KPNGROWT
806,_1044.992_13.818_1044.9918@13.818053,1.83812789034326e-09,6.84710686998268e-09,Significant,0.928606902,-0.106860091,SPENTMEDIUM
807,_547.3_8.264_C26 H35 N12 O2,7.88762228927617e-11,3.34869712760288e-10,Significant,1.661857846,0.73279698,KPNGROWT
808,_331.175_9.901_Asp Val Val Esi+9.901,0.115703646,0.153238888,Nonsignificant,0.868816301,-0.202876923,SPENTMEDIUM
809,_292.106_2.859_2S4S-Monatin,0.702350745,0.74434481,Nonsignificant,1.125577478,0.170665367,KPNGROWT
810,_445.218_10.447_Gly Ile Gln Glu,8.89950673868115e-08,2.80849418889834e-07,Significant,0.887078282,-0.172866672,SPENTMEDIUM
811,_356.206_9.966_Gln Pro Leu Esi+9.965506,1.10705028141047e-05,2.84631825256522e-05,Significant,0.854285805,-0.227209285,SPENTMEDIUM
812,_237.112_2.869_C11 H15 N3 O3,2.78137003450025e-07,8.35589556974865e-07,Significant,3.707673844,1.890514339,KPNGROWT
813,_328.186_13.118_Arg Pro Gly,1.26287106126232e-43,1.5800745572382e-41,Significant,0.81972933,-0.286780476,SPENTMEDIUM
814,_401.228_9.414_C16 H25 N12 O,0.532941022,0.587644144,Nonsignificant,0.991522366,-0.012282779,SPENTMEDIUM
815,_330.313_1.349_Hexadecyl Methyl Glycerol,3.62412837897306e-11,1.56677257359262e-10,Significant,0.80915728,-0.30550794,SPENTMEDIUM
816,_351.158_6.543_Tryptophyl-Phenylalanine,0.027523651,0.041637858,Significant,0.564404142,-0.825199519,SPENTMEDIUM
817,_538.311_7.899_C25 H42 N6 O7,4.35758534869305e-06,1.1658596272541e-05,Significant,1.388328699,0.47334918,KPNGROWT
818,_1255.188_10.53_1255.1884@10.530025,2.15227671584451e-14,1.24738217291588e-13,Significant,0.927851073,-0.108034834,SPENTMEDIUM
819,_323.182_7.801_C12 H21 N9 O2,8.86295308923154e-07,2.5270108875061e-06,Significant,0.260605473,-1.940060715,SPENTMEDIUM
820,_178.121_13.121_C9 H14 N4,8.32425622279326e-24,1.04767414117641e-22,Significant,0.827535213,-0.273107392,SPENTMEDIUM
821,_445.238_12.328_Lys Val Cys Pro,0.001797132,0.003446798,Significant,1.209312609,0.274187232,KPNGROWT
822,_603.338_7.93_C28 H39 N14 O2,1.88043277487188e-20,1.86031651728023e-19,Significant,1.28829101,0.365458519,KPNGROWT
823,_652.354_11.458_Lys Ile Gln Asp Lys,1.22228762041245e-19,1.09235536496524e-18,Significant,1.164840611,0.22013256,KPNGROWT
824,_364.211_12.21_Lys Phe Ala,0.112710251,0.149553776,Nonsignificant,1.129635671,0.175857551,KPNGROWT
825,_601.358_8.026_C29 H41 N14 O,0.314959437,0.368492146,Nonsignificant,1.092093249,0.127096046,KPNGROWT
826,_431.272_13.096_Istamycin C1 Esi+13.095964,0.00126329,0.002474234,Significant,1.085351702,0.118162616,KPNGROWT
827,_513.28_9.354_Ile Pro Ala Asp Val,1.88128450427019e-06,5.18327997484804e-06,Significant,1.138148516,0.186688826,KPNGROWT
828,_374.2_12.599_Lys Met Pro,8.73447327761249e-13,4.34070669660789e-12,Significant,0.593041888,-0.753794085,SPENTMEDIUM
829,_595.333_9.42_C24 H37 N17 O2,0.800546693,0.832239891,Nonsignificant,1.00616205,0.008862681,KPNGROWT
830,_682.456_1.354_DG2055Z8Z11Z14Z17Z2055Z8Z11Z14Z17Z00,0.594944413,0.643338468,Nonsignificant,1.126081738,0.171311551,KPNGROWT
831,_475.192_11.32_Gln Asp Val Asp,2.15397880427111e-13,1.14252192436026e-12,Significant,0.898775702,-0.153966972,SPENTMEDIUM
832,_330.226_12.521_Lys Ala Ile Esi+12.520997,1.17343740849355e-08,4.02564736752546e-08,Significant,1.453740026,0.539769294,KPNGROWT
833,_626.342_7.44_PI20111Z00 Esi+7.4401793,0.028454404,0.042832638,Significant,2.852901176,1.512429773,KPNGROWT
834,_182.106_9.421_C9 H14 N2 O2 Esi+9.421012,0.003930307,0.007132903,Significant,0.675719384,-0.565503854,SPENTMEDIUM
835,_599.291_11.798_C26 H53 N3 O4 S4,2.06687397382999e-06,5.67989785831574e-06,Significant,1.062542002,0.087519871,KPNGROWT
836,_129.079_2.129_24-Dimethyl-2-oxazoline-4-methanol Esi+2.1294944,0.000909177,0.001824358,Significant,1.795068599,0.844038978,KPNGROWT
837,_317.195_8.232_Leu Ser Val,0.094302991,0.127273135,Nonsignificant,0.943133263,-0.084466459,SPENTMEDIUM
838,_754.387_10.341_C37 H58 N2 O14,0.340011441,0.393687717,Nonsignificant,1.006097366,0.008769931,KPNGROWT
839,_580.3_7.827_Asp Lys Arg Tyr,0.1246038,0.163297771,Nonsignificant,1.80009024,0.848069232,KPNGROWT
840,_240.111_10.372_3-Oxopentobarbitone,6.91399528019242e-10,2.69341904047056e-09,Significant,0.791358889,-0.337595976,SPENTMEDIUM
841,_316.186_13.163_Ala Ala Arg,0.000394747,0.00083462,Significant,0.83456511,-0.260903487,SPENTMEDIUM
842,_576.239_11.71_C22 H36 N6 O12,3.36193691518192e-13,1.72725599482897e-12,Significant,0.922016361,-0.117135743,SPENTMEDIUM
843,_355.186_12.039_Thr His Val Esi+12.039388,0.533387937,0.587832198,Nonsignificant,1.057046198,0.08003843,KPNGROWT
844,_1255.69_10.531_1255.6898@10.531005,1.35805829806529e-16,9.72589225584129e-16,Significant,0.881059106,-0.182689288,SPENTMEDIUM
845,_165.082_6.596_C6 H15 N O2 S Esi+6.5960445,0.418305571,0.473263803,Nonsignificant,1.144470856,0.194680725,KPNGROWT
846,_299.185_8.363_Ala Ile Pro,0.008316836,0.014118044,Significant,1.098322046,0.135301139,KPNGROWT
847,_182.068_2.847_C6 H16 N O S2,5.53557011148313e-05,0.000131849,Significant,1.851720034,0.88886599,KPNGROWT
848,_375.215_5.177_Leu Phe Pro,0.107737265,0.14340248,Nonsignificant,1.767311267,0.821556157,KPNGROWT
849,_295.002_8.941_Chlormezanone,0.429949073,0.485146779,Nonsignificant,1.178363563,0.236784726,KPNGROWT
850,_429.193_1.796_Thr Tyr Phe,9.80753696536139e-19,8.24530874518723e-18,Significant,1.200709795,0.263887501,KPNGROWT
851,_412.17_1.492_Lys Glu Asp,0.685703343,0.727789926,Nonsignificant,0.954825289,-0.066691318,SPENTMEDIUM
852,_761.407_12.981_C33 H43 N23,1.60158786923506e-07,4.95862794448759e-07,Significant,0.912505763,-0.132094424,SPENTMEDIUM
853,_525.808_9.737_525.8084@9.737038,0.019246056,0.030323231,Significant,0.938513968,-0.091549877,SPENTMEDIUM
854,_603.303_9.842_Glu Glu Leu Ile Thr,0.244410988,0.297064098,Nonsignificant,1.155266446,0.208225627,KPNGROWT
855,_246.123_9.853_Glu-Val Esi+9.85334,0.00793834,0.013540376,Significant,0.86247455,-0.213446208,SPENTMEDIUM
856,_487.246_10.097_C29 H33 N3 O4,0.005009852,0.008909662,Significant,0.833220532,-0.263229705,SPENTMEDIUM
857,_261.133_10.504_Lysyl-Aspartate,2.31639975546864e-13,1.21653883453871e-12,Significant,0.599581631,-0.73797191,SPENTMEDIUM
858,_400.268_7.433_C18 H30 N11,0.090060626,0.122480147,Nonsignificant,0.865304732,-0.208719803,SPENTMEDIUM
859,_1045.493_13.818_1045.4933@13.818053,1.30139129495961e-12,6.31977005566e-12,Significant,0.90136909,-0.149810117,SPENTMEDIUM
860,_570.265_9.307_Tyr Leu Phe Glu,0.000237504,0.000516534,Significant,1.075886834,0.105526337,KPNGROWT
861,_444.185_7.852_C17 H22 N11 O4 Esi+7.851953,2.29952560514256e-08,7.65428945561539e-08,Significant,0.470669379,-1.087214099,SPENTMEDIUM
862,_279.161_11.785_N-p-Hydroxyphenethylactinidine,5.18071222172974e-08,1.65954441199084e-07,Significant,1.575924867,0.656198755,KPNGROWT
863,_148.053_7.158_Methyl 2-methylthiobutyrate,0.003611197,0.006580894,Significant,1.85989585,0.895221836,KPNGROWT
864,_977.554_9.738_C41 H61 N28 O2,0.012786503,0.021050226,Significant,1.066869249,0.093383376,KPNGROWT
865,_169.085_12.262_Nalpha-Methylhistidine,0.133295775,0.173512921,Nonsignificant,1.342301346,0.424708592,KPNGROWT
866,_433.196_10.149_Thr Gln Trp,1.51330355906499e-45,2.92617879102839e-43,Significant,0.769721377,-0.377591779,SPENTMEDIUM
867,_427.278_12.386_C19 H31 N12,1.119365873635e-08,3.86508313834681e-08,Significant,2.331500427,1.221258694,KPNGROWT
868,_266.124_2.845_Cyanotriphenylborate,0.001071264,0.002121582,Significant,3.560949492,1.832261973,KPNGROWT
869,_203.127_13.471_Lysyl-Glycine,0.817831447,0.846485395,Nonsignificant,0.969183966,-0.045157557,SPENTMEDIUM
870,_174.126_8.306_Lentiginosine Esi+8.306,0.357847385,0.411427778,Nonsignificant,1.231798968,0.300766824,KPNGROWT
871,_305.152_12.333_Difenpiramide,4.22017766933211e-20,3.98947462340862e-19,Significant,0.137898735,-2.85831887,SPENTMEDIUM
872,_303.182_9.415_1-O-Desmethyltetrabenazine,3.6449343517855e-19,3.12611909929345e-18,Significant,0.524672468,-0.930511007,SPENTMEDIUM
873,_1315.714_10.161_1315.7137@10.160973,1.81155990943986e-24,2.37851106628308e-23,Significant,0.853315498,-0.228848844,SPENTMEDIUM
874,_693.314_9.708_C34 H33 N18,0.808348855,0.838711227,Nonsignificant,1.020480877,0.029249148,KPNGROWT
875,_270.144_10.444_Penciclovir,4.43923986813262e-08,1.42632374615077e-07,Significant,0.206633842,-2.274851541,SPENTMEDIUM
876,_356.206_10.113_Gln Pro Leu Esi+10.112995,0.908959541,0.926380903,Nonsignificant,0.9870528,-0.018800835,SPENTMEDIUM
877,_464.158_10.416_Tyr-HoPhe-OH,4.43949873336746e-33,1.29353613779076e-31,Significant,0.882354553,-0.18056961,SPENTMEDIUM
878,_287.184_8.733_Ile Val Gly Esi+8.73288,0.061169214,0.085935877,Nonsignificant,8.391910558,3.068999302,KPNGROWT
879,_357.113_8.502_Rosiglitazone,0.132961954,0.173184371,Nonsignificant,1.336675281,0.418649033,KPNGROWT
880,_287.142_7.629_CI Basic red 9,0.000264038,0.000570161,Significant,1.676755769,0.745672566,KPNGROWT
881,_222.137_5.127_Neostigmine,2.12859874731236e-09,7.90144770599194e-09,Significant,1.635842154,0.710033546,KPNGROWT
882,_224.116_10.402_Butalbital Esi+10.402016,0.018232708,0.028897891,Significant,0.896982974,-0.156847493,SPENTMEDIUM
883,_178.147_2.465_178.1473@2.4651012,0.677928839,0.72060344,Nonsignificant,1.104328044,0.143168792,KPNGROWT
884,_442.207_7.943_C18 H24 N11 O3,3.92153139079891e-13,1.99547781536586e-12,Significant,1.187292548,0.247675457,KPNGROWT
885,_516.269_12.429_ajugalactone Esi+12.429356,0.001428991,0.002780845,Significant,0.542374104,-0.882639797,SPENTMEDIUM
886,_337.175_12.437_Arginyl-Tyrosine Esi+12.43701,5.40634283174579e-39,3.28551177232094e-37,Significant,0.305460108,-1.710944113,SPENTMEDIUM
887,_451.206_10.024_C32 H25 N3,3.10295844622069e-15,1.9642835164022e-14,Significant,0.901032827,-0.150348427,SPENTMEDIUM
888,_445.258_12.204_C27 H33 N4 O2,0.060695072,0.085382552,Nonsignificant,1.395687627,0.480976084,KPNGROWT
889,_216.087_1.518_L-1234-Tetrahydro-beta-carboline-3-carboxylic acid,0.51564995,0.569467948,Nonsignificant,1.187184102,0.247543677,KPNGROWT
890,_1193.877_1.319_1193.877@1.3190001,7.66331292688576e-12,3.52048954546134e-11,Significant,0.759041642,-0.39774906,SPENTMEDIUM
891,_384.212_10.06_Lys His Thr,0.23692199,0.288291231,Nonsignificant,1.063668118,0.089048076,KPNGROWT
892,_374.227_12.075_Val Thr Arg,1.15406780405669e-08,3.97201006347666e-08,Significant,0.909016547,-0.137621539,SPENTMEDIUM
893,_649.361_12.118_Tetrahydrogambogic acid,6.13928690294802e-15,3.76318825434307e-14,Significant,1.483860995,0.56935595,KPNGROWT
894,_258.134_12.31_5-Methyldeoxycytidine,0.26595082,0.319591748,Nonsignificant,1.176934349,0.235033848,KPNGROWT
895,_333.19_9.497_C13 H21 N10 O,4.206754047326e-15,2.60867809290449e-14,Significant,0.830887102,-0.267275632,SPENTMEDIUM
896,_177.079_1.77_MDAI,0.213558446,0.263422888,Nonsignificant,0.780713583,-0.357134725,SPENTMEDIUM
897,_317.184_10.383_C14 H21 N8 O,2.73793788826216e-10,1.1134978753984e-09,Significant,1.489783181,0.57510238,KPNGROWT
898,_328.175_11.304_Pro Val Asn Esi+11.303978,1.84895817131705e-10,7.56531054002896e-10,Significant,1.603033389,0.680804475,KPNGROWT
899,_1043.076_9.974_1043.0762@9.974034,4.90712881923398e-13,2.46748534243751e-12,Significant,0.933325746,-0.099547402,SPENTMEDIUM
900,_154.074_8.776_Methyl nicotinate Esi+8.776,1.36020868520224e-08,4.62906219748027e-08,Significant,5.419213966,2.43808361,KPNGROWT
901,_307.164_6.815_C14 H21 N5 O3,1.94402888742015e-06,5.34922308349632e-06,Significant,1.460856127,0.546814101,KPNGROWT
902,_251.102_10.26_2-Deoxyadenosine,0.000226883,0.000495462,Significant,1.631540183,0.70623452,KPNGROWT
903,_248.137_13.097_Quinamide isopropylidene,0.444691614,0.499925509,Nonsignificant,1.054666681,0.076787118,KPNGROWT
904,_356.193_13.593_ent-16betaOH-1617-Dihydroxy-911-kauren-19-oic acid,2.15060312588063e-17,1.63369030312432e-16,Significant,0.863691545,-0.211411929,SPENTMEDIUM
905,_226.094_7.59_C7 H16 N O7,1.59654683359299e-07,4.95022611523659e-07,Significant,1.388714486,0.473750018,KPNGROWT
906,_410.217_12.924_Lys Thr Tyr,1.92484434185441e-21,2.05735875131875e-20,Significant,0.76930436,-0.37837361,SPENTMEDIUM
907,_228.042_5.7_Urolithin A,0.384185257,0.440044179,Nonsignificant,1.281125635,0.357411962,KPNGROWT
908,_159.092_8.123_C7 H13 N O3,0.588464654,0.637303625,Nonsignificant,0.883603211,-0.178529433,SPENTMEDIUM
909,_196.101_2.951_C13 H12 N2,0.00011588,0.000264745,Significant,1.895673266,0.922710326,KPNGROWT
910,_470.248_11.205_N-docosahexaenoyl histidine Esi+11.205092,0.443067401,0.498362962,Nonsignificant,0.880082114,-0.184289957,SPENTMEDIUM
911,_1316.215_10.161_1316.2151@10.160973,2.36687332260264e-33,6.9921382738553e-32,Significant,0.840903291,-0.249988204,SPENTMEDIUM
912,_335.185_7.804_Val Ala Phe,0.359292311,0.412865881,Nonsignificant,1.257789117,0.330890058,KPNGROWT
913,_415.207_11.698_Lys Gly Pro Asp,0.009782432,0.016422441,Significant,2.004078567,1.002939068,KPNGROWT
914,_346.184_10.154_C13 H28 N7 S2,0.017801548,0.02832004,Significant,1.377566241,0.462121693,KPNGROWT
915,_484.268_2.799_17-hydroxyandrostane-3-glucuronide,2.94121112189521e-08,9.6542531732579e-08,Significant,3.668831824,1.875320774,KPNGROWT
916,_414.149_7.2_Sparfloxacin,0.132410124,0.172571283,Nonsignificant,0.907667272,-0.139764556,SPENTMEDIUM
917,_583.795_8.932_C18 O13 S5,3.0275784162643e-15,1.92228635564005e-14,Significant,0.891556297,-0.165602195,SPENTMEDIUM
918,_260.149_13.495_Gly Lys Gly,0.002838548,0.00525465,Significant,0.411083668,-1.28249604,SPENTMEDIUM
919,_247.13_9.1_N- 3-TrifluoromethylphenylPiperazine TFMPP,0.129201516,0.168596088,Nonsignificant,0.944609405,-0.082210195,SPENTMEDIUM
920,_356.17_10.696_Gly Pro Pro Ser,0.037483607,0.05502252,Nonsignificant,1.167050227,0.222866653,KPNGROWT
921,_276.174_15.057_Panaquinquecol 7,0.000101694,0.000234113,Significant,1.482530774,0.568062052,KPNGROWT
922,_610.305_12.905_Arg Ile Thr Glu Ala,0.013653806,0.022356925,Significant,1.185687039,0.245723262,KPNGROWT
923,_530.249_9.925_His Leu Asp Phe Esi+9.924641,9.4633022720925e-21,9.53954688755486e-20,Significant,0.850242327,-0.234054014,SPENTMEDIUM
924,_964.558_8.213_C41 H62 N27 O2,3.07843582437615e-07,9.2222999978142e-07,Significant,2.550165427,1.350590837,KPNGROWT
925,_467.273_10.076_His Arg Arg,0.910959688,0.92753052,Nonsignificant,1.003458645,0.004981161,KPNGROWT
926,_528.255_11.506_His His His Val,9.76345588710873e-09,3.3988331705205e-08,Significant,0.773626844,-0.370290239,SPENTMEDIUM
927,_568.329_12.162_C20 H44 N10 O9,0.073144216,0.101884576,Nonsignificant,1.331820123,0.413399243,KPNGROWT
928,_172.085_10.914_L-prolyl-L-glycine Esi+10.914456,0.067204687,0.094042349,Nonsignificant,1.302251837,0.381008472,KPNGROWT
929,_519.342_9.635_C26 H39 N12,3.79685622457532e-08,1.22921053115247e-07,Significant,1.384981826,0.469867045,KPNGROWT
930,_527.295_9.825_C16 H35 N18 O S,0.671510276,0.714866044,Nonsignificant,1.013517724,0.019371319,KPNGROWT
931,_343.247_6.208_Leu Val Ile,0.002905641,0.005374172,Significant,1.345080448,0.427692462,KPNGROWT
932,_275.146_9.825_Lysyl-glutamate,2.13577069407231e-19,1.86945854579909e-18,Significant,0.525762799,-0.927516028,SPENTMEDIUM
933,_398.255_8.281_C24 H34 N2 O3,1.44955888409165e-10,5.99846643280728e-10,Significant,0.331435662,-1.593199253,SPENTMEDIUM
934,_386.217_9.565_C16 H24 N11 O,0.004045101,0.00732873,Significant,0.277691069,-1.848447319,SPENTMEDIUM
935,_434.202_10.497_Ala Ala His His,1.79956340056611e-21,1.95289354745107e-20,Significant,0.789189342,-0.341556621,SPENTMEDIUM
936,_646.312_13.016_Tyr Tyr Trp Val,0.730741802,0.773277519,Nonsignificant,1.023196399,0.033083092,KPNGROWT
937,_272.166_14.476_Glu Ile Lys Arg,0.000524682,0.001089841,Significant,0.910063521,-0.135960849,SPENTMEDIUM
938,_200.08_7.568_Alanylclavam,1.39506046721713e-19,1.23124216339039e-18,Significant,2.188802778,1.130141966,KPNGROWT
939,_438.284_6.896_Methandriol dipropionate,0.021971508,0.034161841,Significant,1.270424122,0.34531021,KPNGROWT
940,_674.277_11.567_C26 H26 N24,1.19404950501773e-32,3.43208553671987e-31,Significant,0.841571143,-0.248842859,SPENTMEDIUM
941,_400.197_10.23_Asp Pro Leu Gly,1.40245736071866e-15,9.1224061353168e-15,Significant,0.920147258,-0.120063331,SPENTMEDIUM
942,_309.166_7.957_Val Ile Gly,5.91056449851832e-05,0.00014031,Significant,1.281679912,0.358036007,KPNGROWT
943,_723.308_11.225_Trypanothione,2.03255407088428e-07,6.20264348460668e-07,Significant,1.048981414,0.068989116,KPNGROWT
944,_162.075_5.34_3-Mercapto-3-methyl-1-butyl acetate,0.212452423,0.262267153,Nonsignificant,0.823230169,-0.280632242,SPENTMEDIUM
945,_243.086_7.17_?-Glutamyl-?-cyanoalanine,3.10025961250426e-20,2.99738736172571e-19,Significant,2.729521032,1.448647814,KPNGROWT
946,_245.138_9.63_Gamma-glutamyl-Valine Esi+9.630061,0.501519176,0.555299994,Nonsignificant,0.923717021,-0.114477143,SPENTMEDIUM
947,_489.207_12.062_C19 H21 N16 O,0.114447721,0.151764528,Nonsignificant,0.956771647,-0.063753457,SPENTMEDIUM
948,_399.223_13.102_Pro Arg Gln,0.210681149,0.260685749,Nonsignificant,0.948779737,-0.075854896,SPENTMEDIUM
949,_611.363_13.063_C27 H43 N14 O3,0.047873376,0.069081866,Nonsignificant,1.258986328,0.332262616,KPNGROWT
950,_392.217_11.7_Phe Arg Ala,0.000308228,0.000662223,Significant,1.062226488,0.08709141,KPNGROWT
951,_459.271_12.327_Asn Ile Thr Ile,8.72714826866701e-18,6.7995034313021e-17,Significant,0.923255698,-0.115197834,SPENTMEDIUM
952,_228.111_10.128_Tetraacetylethylenediamine Esi+10.1275015,0.004755732,0.008514682,Significant,1.275073334,0.350580224,KPNGROWT
953,_250.13_7.855_NN-diisopropyl-3-nitrobenzamide,0.048419393,0.069822406,Nonsignificant,0.68668413,-0.542281473,SPENTMEDIUM
954,_479.202_10.694_Phe Asp Gln Ala,1.18474407893627e-38,6.29987663974359e-37,Significant,0.768096095,-0.38064128,SPENTMEDIUM
955,_238.24_1.937_68-Dimethyl-5-pentyl-123588a-hexahydroindolizine,1.93343692022732e-35,6.74167267102214e-34,Significant,0.781917265,-0.354912132,SPENTMEDIUM
956,_269.149_9.645_8-Propyloxycaffeine Esi+9.64501,0.13413936,0.174397566,Nonsignificant,1.399324607,0.484730669,KPNGROWT
957,_301.236_13.212_2R3S4R7S10S-4-Ethyl-23710-tetramethyldodecahydrocyclopentabquinolizin-2-ol,9.05585769498115e-31,2.18884196786647e-29,Significant,0.833768557,-0.262281129,SPENTMEDIUM
958,_372.237_8.197_Leu Ile Gln,0.037989125,0.055585642,Nonsignificant,1.477062698,0.562731067,KPNGROWT
959,_233.116_11.618_C12 H15 N3 O2,0.183231913,0.230203354,Nonsignificant,1.026841537,0.038213561,KPNGROWT
960,_300.133_10.467_Promethazine sulfoxide,0.195575554,0.243696077,Nonsignificant,0.93913065,-0.090602218,SPENTMEDIUM
961,_496.264_9.999_Ile Asp His Ile Esi+9.999019,2.35882728998989e-11,1.04308225484584e-10,Significant,0.900095295,-0.151850344,SPENTMEDIUM
962,_315.215_7.513_Val Val Val Esi+7.513353,0.05404705,0.076946503,Nonsignificant,1.178903355,0.237445453,KPNGROWT
963,_383.241_1.913_C15 H29 N9 O3,6.27299134135195e-10,2.45721042045223e-09,Significant,1.146019921,0.196632123,KPNGROWT
964,_885.408_11.75_C34 H41 N30 O,0.449305439,0.504312754,Nonsignificant,1.008721617,0.01252808,KPNGROWT
965,_399.211_11.332_Gly Gln Pro Val,8.33203420930776e-10,3.23398481080248e-09,Significant,2.024301666,1.0174243,KPNGROWT
966,_453.258_10.388_Ile Pro Pro Gln,1.50471174853675e-13,8.08212598267087e-13,Significant,0.924103807,-0.113873173,SPENTMEDIUM
967,_102.047_1.707_C8 H6 Esi+1.706846,3.38158525920357e-06,9.09308703707459e-06,Significant,2.712158863,1.439441686,KPNGROWT
968,_468.234_11.999_C32 H28 N4,0.002328561,0.00439472,Significant,1.799697125,0.847754133,KPNGROWT
969,_194.106_9.418_Laccarin Esi+9.417988,0.007633113,0.013040667,Significant,0.91817765,-0.12315478,SPENTMEDIUM
970,_325.14_8.583_Glucopyranosylmoranoline,0.003061556,0.005638035,Significant,0.844751859,-0.243400474,SPENTMEDIUM
971,_952.377_8.171_Conocurvone,2.87355904383456e-09,1.05018214540139e-08,Significant,1.451789187,0.537831976,KPNGROWT
972,_309.132_9.543_Gamma-glutamyl-Tyrosine,1.19575898170217e-10,4.97725900994232e-10,Significant,0.796452971,-0.32833892,SPENTMEDIUM
973,_364.211_12.007_Ala Lys Phe,0.001170773,0.002297264,Significant,1.46984601,0.555665017,KPNGROWT
974,_228.147_9.795_L-isoleucyl-L-proline Esi+9.795002,0.052887861,0.075484793,Nonsignificant,0.865978484,-0.207596915,SPENTMEDIUM
975,_123.069_2.367_2-Acetyl-1-methylpyrrole,0.469608642,0.524334688,Nonsignificant,0.922387364,-0.116555346,SPENTMEDIUM
976,_726.383_8.671_C38 H44 N15 O,0.670088719,0.713842275,Nonsignificant,0.938833491,-0.091058787,SPENTMEDIUM
977,_474.214_9.14_C26 H28 N5 O4,0.171707283,0.218172874,Nonsignificant,0.880685203,-0.183301669,SPENTMEDIUM
978,_228.111_2.838_Tetraacetylethylenediamine Esi+2.838007,6.40643522411678e-05,0.000151237,Significant,1.425645935,0.511615727,KPNGROWT
979,_854.449_9.601_C33 H48 N27 O2,7.72080564514023e-08,2.45840622862474e-07,Significant,0.904771872,-0.144374016,SPENTMEDIUM
980,_228.088_7.108_Decitabine,0.18126884,0.228141315,Nonsignificant,1.289086303,0.366348854,KPNGROWT
981,_333.148_1.701_Pefloxacine,3.02889443858118e-11,1.32288674966369e-10,Significant,1.267641624,0.342146938,KPNGROWT
982,_471.243_10.753_C31 H29 N5,6.48789264052374e-11,2.7599495292788e-10,Significant,0.936977928,-0.093913031,SPENTMEDIUM
983,_291.122_4.232_Tryptophyl-Serine,2.28516699597453e-16,1.60945370875425e-15,Significant,1.882643817,0.912760078,KPNGROWT
984,_413.193_11.678_Thr Phe Phe,0.202524268,0.251730431,Nonsignificant,1.134392298,0.181919642,KPNGROWT
985,_661.318_11.167_Norbinaltorphimine,0.000983415,0.001956712,Significant,1.173831459,0.231225278,KPNGROWT
986,_346.186_13.451_Ala Lys Glu,8.4633014242674e-14,4.65153543395782e-13,Significant,0.759797627,-0.396312889,SPENTMEDIUM
987,_344.206_9.3_Pro Lys Thr,0.749168971,0.790417858,Nonsignificant,1.016547412,0.023677504,KPNGROWT
988,_360.201_10.264_Lys Val Asp,2.75924096316184e-27,4.51454271434249e-26,Significant,0.879995681,-0.184431652,SPENTMEDIUM
989,_455.272_9.867_C18 H29 N15 Esi+9.867008,0.007422499,0.012691041,Significant,0.790927364,-0.338382886,SPENTMEDIUM
990,_904.468_8.122_C44 H52 N22 O,0.178520414,0.225482732,Nonsignificant,0.938957715,-0.090867907,SPENTMEDIUM
991,_351.141_7.427_Lomefloxacin,1.01492822620135e-08,3.52737309988607e-08,Significant,0.857131652,-0.222411282,SPENTMEDIUM
992,_365.199_14.273_Aegle marmelos Alkaloid C,0.441174005,0.496495824,Nonsignificant,0.974891214,-0.036686854,SPENTMEDIUM
993,_539.295_9.782_C22 H33 N15 O2,0.000912523,0.001825905,Significant,2.350861811,1.233189736,KPNGROWT
994,_330.19_10.182_Gln Ala Ile Esi+10.181506,3.75728172628012e-44,5.32782548786521e-42,Significant,0.762647207,-0.39091226,SPENTMEDIUM
995,_275.128_2.558_7-Methylguanosine,4.5704222051514e-06,1.22126734049712e-05,Significant,3.814366073,1.931443309,KPNGROWT
996,_264.12_9.959_Z-2-Methyl-2-butene-14-diol 4-O-beta-D-Glucopyranoside,0.003228561,0.005925064,Significant,0.74798192,-0.418924697,SPENTMEDIUM
997,_258.122_11.756_2S2S-Pyrosaccharopine,2.6943432618093e-09,9.89787239700931e-09,Significant,0.442865489,-1.175059517,SPENTMEDIUM
998,_979.472_13.962_979.4717@13.961964,4.47846252545877e-14,2.52002375440497e-13,Significant,0.863290492,-0.212081995,SPENTMEDIUM
999,_429.27_12.104_Val Val Arg Gly,0.928450669,0.941284353,Nonsignificant,1.006896424,0.009915286,KPNGROWT
1000,_563.253_8.275_C26 H43 O11 S,1.48378710925664e-06,4.13090992328386e-06,Significant,1.079640141,0.110550522,KPNGROWT
1001,_113.095_12.641_C5 H11 N3 Esi+12.641023,8.81252584406821e-20,8.11439067979787e-19,Significant,0.695576858,-0.52371816,SPENTMEDIUM
1002,_763.358_12.771_C42 H43 N12 O3,3.0810526965667e-10,1.24826649249474e-09,Significant,1.559071101,0.640686723,KPNGROWT
1003,_261.15_1.735_5-Hydroxy-6-desmethylprimaquine Esi+1.7349973,1.06014479470015e-14,6.31632486926394e-14,Significant,2.839641082,1.505708591,KPNGROWT
1004,_417.258_13.073_Istamycin B1,5.92727828118077e-07,1.73415693315977e-06,Significant,1.709365622,0.773461013,KPNGROWT
1005,_332.172_13.531_Isoxaben,4.38811467791657e-26,6.66679994280611e-25,Significant,0.552259783,-0.856581024,SPENTMEDIUM
1006,_316.175_10.138_Ile Ala Asn,2.07820576453452e-06,5.7036692402128e-06,Significant,0.639060886,-0.645974706,SPENTMEDIUM
1007,_400.717_14.231_400.717@14.230969,0.03340834,0.049484359,Significant,1.063675204,0.089057687,KPNGROWT
1008,_274.164_8.854_Gamma-glutamyl-Lysine,0.000110491,0.000253522,Significant,1.557682767,0.639401449,KPNGROWT
1009,_339.19_11.498_His Ala Leu Esi+11.497993,0.038901326,0.056829066,Nonsignificant,0.634771753,-0.655690164,SPENTMEDIUM
1010,_417.258_12.935_Istamycin B1 Esi+12.93473,0.046942165,0.067830153,Nonsignificant,0.867340594,-0.205329461,SPENTMEDIUM
1011,_534.242_10.139_C23 H28 N13 O3,2.28388835065169e-15,1.46320196440848e-14,Significant,0.707380433,-0.499441781,SPENTMEDIUM
1012,_327.158_6.882_Cinereain,0.002270506,0.004296589,Significant,1.296122664,0.37420226,KPNGROWT
1013,_440.237_11.887_Tirofiban,0.227321946,0.277881482,Nonsignificant,0.838716179,-0.253745408,SPENTMEDIUM
1014,_225.935_7.312_C4 H6 N2 O S4,2.75685221032091e-32,7.51772391199049e-31,Significant,0.195953841,-2.351414243,SPENTMEDIUM
1015,_382.232_14.262_His Val Lys,1.31722136879693e-10,5.4721286160763e-10,Significant,2.668641843,1.416105695,KPNGROWT
1016,_464.228_9.549_Asp Ala Phe Ile,0.176103501,0.223092405,Nonsignificant,1.427421005,0.513410908,KPNGROWT
1017,_459.305_12.031_C20 H35 N12 O Esi+12.030683,0.653107365,0.697947378,Nonsignificant,0.953342277,-0.068933819,SPENTMEDIUM
1018,_775.339_9.506_C35 H39 N18 O4,0.032562949,0.048299436,Significant,0.850819864,-0.233074379,SPENTMEDIUM
1019,_396.237_4.016_C10 H30 N13 O2 S,1.4835113834083e-24,1.95989361025432e-23,Significant,2.195291268,1.134412367,KPNGROWT
1020,_331.211_8.63_Marimastat Esi+8.629949,8.85830309057491e-12,4.01740099651446e-11,Significant,0.731004247,-0.452048307,SPENTMEDIUM
1021,_552.288_8.043_C24 H34 N13 O3,1.17613906611504e-10,4.91482867117228e-10,Significant,0.561255739,-0.833269804,SPENTMEDIUM
1022,_271.128_10.537_C10 H17 N5 O4,0.003317132,0.006076509,Significant,0.798909029,-0.32389686,SPENTMEDIUM
1023,_184.121_12.985_Istamycin C0 Esi+12.985274,2.29677099668963e-07,6.94912078230276e-07,Significant,0.711231637,-0.491608595,SPENTMEDIUM
1024,_238.107_9.293_x-12-Propanediol 1-O-b-D-glucopyranoside,0.001878931,0.003600438,Significant,0.743239417,-0.42810108,SPENTMEDIUM
1025,_194.08_8.988_Enprofylline Esi+8.987999,8.35428825597802e-40,5.92319037348842e-38,Significant,0.519906497,-0.94367591,SPENTMEDIUM
1026,_202.132_8.411_Isoleucyl-Alanine,1.84294259137119e-34,5.85065506245749e-33,Significant,0.251730679,-1.990047045,SPENTMEDIUM
1027,_187.121_13.454_E-2-Butenyl-4-methyl-threonine Esi+13.453993,3.36500183481972e-05,8.20798039296048e-05,Significant,0.270681067,-1.885334113,SPENTMEDIUM
1028,_214.11_3.512_Harmaline,2.24675792456156e-06,6.1503913842245e-06,Significant,2.116281463,1.081531517,KPNGROWT
1029,_925.489_9.447_C41 H53 N26 O,0.291415503,0.34473903,Nonsignificant,0.764689813,-0.387053439,SPENTMEDIUM
1030,_465.269_14.217_Arg Lys Tyr,0.000184264,0.000407836,Significant,0.644844014,-0.632977876,SPENTMEDIUM
1031,_300.111_1.922_Phenmedipham,5.2234064174139e-19,4.44407417993575e-18,Significant,5.495885973,2.458352072,KPNGROWT
1032,_635.281_8.269_Tyr Tyr His His,0.298897527,0.351634424,Nonsignificant,0.791673899,-0.337021808,SPENTMEDIUM
1033,_242.127_2.337_N-Hydroxypentobarbital Esi+2.336999,0.001094303,0.002159168,Significant,1.142572252,0.192285399,KPNGROWT
1034,_428.233_9.752_Irbesartan,3.22360156659601e-07,9.64360131104037e-07,Significant,0.701079069,-0.512350931,SPENTMEDIUM
1035,_517.239_10.652_C30 H35 N3 O3 S,1.51244454176873e-09,5.7139778691689e-09,Significant,0.543326996,-0.880107363,SPENTMEDIUM
1036,_275.15_10.9_Thr Gly Val,0.001108574,0.002183275,Significant,1.384728489,0.469603127,KPNGROWT
1037,_386.211_11.442_RCS-8,3.18895610092078e-09,1.16145712785248e-08,Significant,2.105064347,1.073864334,KPNGROWT
1038,_521.286_11.526_Ala Cys Arg Arg,0.000137178,0.000308107,Significant,1.090399538,0.124856856,KPNGROWT
1039,_242.101_7.55_SS-Np-Histidinylalanine,0.585488825,0.635050857,Nonsignificant,1.105737016,0.145008301,KPNGROWT
1040,_443.238_10.351_C31 H29 N3,0.562463138,0.61288888,Nonsignificant,0.916824268,-0.125282863,SPENTMEDIUM
1041,_505.222_10.213_Glu Leu Met Asn Esi+10.213011,1.91912360714664e-05,4.81365084009541e-05,Significant,0.766322945,-0.383975591,SPENTMEDIUM
1042,_300.122_2.746_4-Methoxybenzyl glucoside Esi+2.745998,1.21324081272393e-19,1.09199610979515e-18,Significant,2.869402776,1.520750492,KPNGROWT
1043,_485.284_9.329_C13 H37 N14 O4 S,0.793000939,0.826820097,Nonsignificant,0.97351924,-0.038718604,SPENTMEDIUM
1044,_501.244_10.559_Pro Asp Thr Gly Ile,1.30506656469815e-08,4.44852016524515e-08,Significant,0.926058544,-0.110824694,SPENTMEDIUM
1045,_397.257_1.822_Phytosphingosine-1-P,0.000193052,0.000426398,Significant,1.136836083,0.185024251,KPNGROWT
1046,_260.15_12.239_Ala Leu Ala Pro Lys,0.005279351,0.009318821,Significant,1.461710522,0.547657627,KPNGROWT
1047,_360.2_12.284_Asp Val Lys,0.355892092,0.409653285,Nonsignificant,1.054609073,0.076708314,KPNGROWT
1048,_403.207_13.748_Lys Gln Glu,0.00246448,0.004614392,Significant,0.82319941,-0.280686146,SPENTMEDIUM
1049,_454.25_12.193_C16 H30 N12 O4,5.08152536426053e-05,0.000121306,Significant,1.465491844,0.551384939,KPNGROWT
1050,_289.128_10.945_Ophthalmic acid,0.659352596,0.703684381,Nonsignificant,0.946743209,-0.078954927,SPENTMEDIUM
1051,_469.265_10.89_Tafluprost,0.333277432,0.38715516,Nonsignificant,0.936411951,-0.094784748,SPENTMEDIUM
1052,_453.295_12.748_Pro Pro Leu Lys Esi+12.747991,0.763238762,0.80207947,Nonsignificant,0.929173778,-0.105979654,SPENTMEDIUM
1053,_811.443_10.652_C51 H71 S4,2.29823398984467e-41,2.22197440745437e-39,Significant,0.74301039,-0.428545711,SPENTMEDIUM
1054,_294.158_7.109_Sinapoylputrescine,0.027950609,0.042163791,Significant,0.568965298,-0.81358743,SPENTMEDIUM
1055,_543.374_14.153_C24 H43 N14 O,1.0117059766241e-07,3.17857992951175e-07,Significant,3.076966431,1.621508704,KPNGROWT
1056,_661.815_13.424_661.8153@13.423981,0.180258669,0.227138738,Nonsignificant,1.065552206,0.091601279,KPNGROWT
1057,_477.295_11.019_C23 H33 N12,1.7841085012557e-06,4.93471883247187e-06,Significant,0.867314172,-0.205373411,SPENTMEDIUM
1058,_443.31_11.109_Leu Ile Ala Lys,2.22694437532008e-08,7.42431142054203e-08,Significant,0.488215683,-1.034409456,SPENTMEDIUM
1059,_424.243_12.165_Val His Gly Ile,0.169711897,0.215895458,Nonsignificant,0.896236903,-0.158047964,SPENTMEDIUM
1060,_452.193_5.701_Cinegalline,0.454739142,0.509873566,Nonsignificant,0.823585231,-0.280010136,SPENTMEDIUM
1061,_785.371_11.562_C30 H47 N19 O5 S,0.542442902,0.595958705,Nonsignificant,1.006484903,0.009325533,KPNGROWT
1062,_1103.101_9.581_1103.1007@9.581033,1.49550085081832e-21,1.63124631266183e-20,Significant,0.856679935,-0.223171796,SPENTMEDIUM
1063,_332.149_9.369_Gamma-glutamyl-Tryptophan,0.171169247,0.21761924,Nonsignificant,1.089796845,0.12405922,KPNGROWT
1064,_383.181_11.943_Ile Asp His Esi+11.942952,0.096200465,0.129423396,Nonsignificant,0.698360451,-0.517956235,SPENTMEDIUM
1065,_472.299_12.814_472.2989@12.813625,0.011134721,0.018517241,Significant,1.334132543,0.415902003,KPNGROWT
1066,_432.237_8.243_Gly Ile Phe Pro,5.77731369577689e-12,2.67719961457896e-11,Significant,4.808078004,2.265460302,KPNGROWT
1067,_332.206_12.939_Lys Ser Val,5.60817828419041e-10,2.2130974416462e-09,Significant,0.661377364,-0.596454427,SPENTMEDIUM
1068,_445.287_12.277_C17 H31 N15,0.005635853,0.00989881,Significant,1.540908537,0.623781231,KPNGROWT
1069,_359.216_13.395_Val Lys Asn,0.613770082,0.660832586,Nonsignificant,1.118443038,0.161491782,KPNGROWT
1070,_412.23_4.067_C18 H26 N11 O,6.62650179566096e-16,4.47446645059392e-15,Significant,3.751474699,1.907457828,KPNGROWT
1071,_259.136_8.237_Thiopental,0.083732946,0.114829128,Nonsignificant,1.161297226,0.215737267,KPNGROWT
1072,_185.142_13.02_N-methyl-Gabapentin,0.034889828,0.051499419,Nonsignificant,1.284777142,0.361518131,KPNGROWT
1073,_487.311_11.951_C34 H37 N3,0.571651472,0.621945106,Nonsignificant,0.932533236,-0.10077295,SPENTMEDIUM
1074,_452.299_1.932_C22 H34 N11,2.86142090276442e-41,2.53593427507497e-39,Significant,0.527872639,-0.921738206,SPENTMEDIUM
1075,_218.091_10.767_N-gamma-L-Glutamyl-D-alanine,1.71332232426008e-25,2.46232201601432e-24,Significant,0.339384684,-1.559006633,SPENTMEDIUM
1076,_532.285_12.816_Triamcinolone hexacetonide,0.954689718,0.964667473,Nonsignificant,1.002999392,0.004320731,KPNGROWT
1077,_325.175_11.873_Val His Ala Esi+11.873179,0.00716199,0.012295039,Significant,2.062123041,1.044130417,KPNGROWT
1078,_656.268_10.064_C27 H30 N17 O4,8.46008580316962e-24,1.05850602960834e-22,Significant,0.855701272,-0.22482086,SPENTMEDIUM
1079,_240.147_7.716_Pirbuterol,0.3922753,0.448585787,Nonsignificant,0.775689381,-0.366449044,SPENTMEDIUM
1080,_1095.483_10.678_1095.4829@10.678013,6.36509049225193e-25,8.73454675936766e-24,Significant,0.830462502,-0.268013067,SPENTMEDIUM
1081,_303.144_10.323_N5-Acetyl-N2-gamma-L-glutamyl-L-ornithine,4.52996931761051e-10,1.81113622905217e-09,Significant,0.739576227,-0.435229243,SPENTMEDIUM
1082,_317.195_9.23_Leu Ser Val Esi+9.229605,0.000546502,0.001129651,Significant,1.320471137,0.401052768,KPNGROWT
1083,_609.312_10.889_Trp Arg Arg Ala,0.00113871,0.002238482,Significant,1.138415981,0.187027819,KPNGROWT
1084,_456.236_11.955_PA2055Z8Z11Z14Z17Z00,0.486129244,0.539946163,Nonsignificant,1.036093056,0.051153583,KPNGROWT
1085,_644.286_9.742_Cycleanine,0.84126153,0.865681313,Nonsignificant,0.983695858,-0.023715766,SPENTMEDIUM
1086,_277.177_11.862_N-Acetylprocainamide,0.20872508,0.258415742,Nonsignificant,1.088828852,0.122777201,KPNGROWT
1087,_373.168_3.026_C17 H23 N7 O S,1.41152080639204e-15,9.15336815608493e-15,Significant,1.920817716,0.941720615,KPNGROWT
1088,_342.191_9.793_Pro Asn Ile Esi+9.792993,0.990793062,0.992192487,Nonsignificant,1.00086998,0.00125457,KPNGROWT
1089,_847.922_11.036_C44 H2 N O19,5.03550300292115e-08,1.61546227559778e-07,Significant,0.909039678,-0.137584828,SPENTMEDIUM
1090,_402.21_9.773_C16 H24 N11 O2,1.58444391419192e-09,5.96480036369243e-09,Significant,0.782433691,-0.353959601,SPENTMEDIUM
1091,_1103.601_9.58_1103.601@9.579989,0.278535926,0.333021875,Nonsignificant,1.105009353,0.144058581,KPNGROWT
1092,_371.217_13.315_Pro Lys Gln,0.203305177,0.252292947,Nonsignificant,1.179353834,0.237996626,KPNGROWT
1093,_844.471_7.868_C28 H52 N28 O4,5.03155226918024e-16,3.41920500848127e-15,Significant,1.975836184,0.982463339,KPNGROWT
1094,_318.178_11.73_Leu Ile Val Asp Arg,3.32851263012868e-07,9.92951804247364e-07,Significant,3.050540136,1.609064712,KPNGROWT
1095,_222.147_11.624_C11 H18 N4 O,0.00221018,0.004189886,Significant,1.251672543,0.32385718,KPNGROWT
1096,_258.103_2.535_Hydroxythiopental,4.63880973399377e-05,0.000110987,Significant,1.633815646,0.708245204,KPNGROWT
1097,_386.264_11.086_Arg Ile Val Esi+11.086012,1.45901390835316e-13,7.87645325651567e-13,Significant,0.617247981,-0.696077883,SPENTMEDIUM
1098,_350.195_12.148_1S2R4R8S-p-Menthane-289-triol 9-glucoside,0.056468827,0.080179702,Nonsignificant,0.961845485,-0.056122943,SPENTMEDIUM
1099,_581.316_9.809_C23 H35 N17 O2,1.03978157381639e-05,2.6807459484939e-05,Significant,0.695121508,-0.524662911,SPENTMEDIUM
1100,_609.799_12.901_609.7991@12.901,0.220924583,0.270839533,Nonsignificant,1.321906802,0.402620467,KPNGROWT
1101,_671.367_13.215_C22 H39 N24 O2,0.161630111,0.206727147,Nonsignificant,0.950734396,-0.072885739,SPENTMEDIUM
1102,_659.874_8.765_C39 H2 N O S5,0.253184534,0.305458595,Nonsignificant,1.224627221,0.292342657,KPNGROWT
1103,_801.365_8.905_C34 H39 N23 O2,7.2782895621046e-09,2.54620425963758e-08,Significant,1.217373357,0.283771696,KPNGROWT
1104,_346.185_11.101_Gln Thr Val Esi+11.101202,0.118574276,0.15674797,Nonsignificant,1.150102903,0.201762949,KPNGROWT
1105,_312.166_13.075_Ethopropazine,0.780721502,0.817221769,Nonsignificant,1.039763945,0.056256034,KPNGROWT
1106,_296.146_8.902_Lys Ala Gly,0.837620857,0.862977064,Nonsignificant,0.974345409,-0.037494791,SPENTMEDIUM
1107,_415.278_12.178_C25 H39 N2 O S,0.165836583,0.211344764,Nonsignificant,0.785293124,-0.348696831,SPENTMEDIUM
1108,_592.323_12.295_Arg Arg Asn Met,7.63073064957806e-06,1.98903971711428e-05,Significant,2.344021709,1.228985931,KPNGROWT
1109,_639.773_8.971_639.7726@8.970997,0.005158668,0.009136126,Significant,1.636677535,0.710770104,KPNGROWT
1110,_442.212_13.623_Met Arg His,0.00025812,0.000558516,Significant,0.421767482,-1.245480228,SPENTMEDIUM
1111,_358.222_8.19_Ile Leu Asn,0.079840343,0.110058593,Nonsignificant,0.90579291,-0.142746849,SPENTMEDIUM
1112,_442.313_5.317_3beta5alpha9alpha22E24R-59-Epidioxy-3-hydroxyergosta-722-dien-6-one,2.69181411606478e-09,9.89787239700931e-09,Significant,2.940089511,1.555860079,KPNGROWT
1113,_236.152_4.447_5-Methyldeoxycytidine Esi+4.447417,1.42577702022999e-05,3.61457416213253e-05,Significant,2.827851053,1.499706134,KPNGROWT
1114,_470.249_10.206_C20 H42 N2 O6 S2,6.38960369946118e-31,1.56214793893723e-29,Significant,0.720337779,-0.473254525,SPENTMEDIUM
1115,_979.973_13.962_C32 H10 N11 O27,0.8124846,0.84189256,Nonsignificant,0.957248109,-0.06303519,SPENTMEDIUM
1116,_514.221_11.924_Tyr Phe Trp,0.001925112,0.003678987,Significant,1.354346912,0.437597329,KPNGROWT
1117,_365.176_10.008_Trp Gly Ser,0.000778134,0.001577779,Significant,2.347039527,1.230842139,KPNGROWT
1118,_346.198_13.245_Thr Ala Arg,5.14744864170529e-05,0.000122742,Significant,0.626060252,-0.675626585,SPENTMEDIUM
1119,_577.242_9.642_C30 H29 N10 O3,0.576901649,0.626375604,Nonsignificant,0.968250282,-0.046548078,SPENTMEDIUM
1120,_258.122_10.202_2S2S-Pyrosaccharopine Esi+10.201736,0.001765313,0.003391889,Significant,2.186665244,1.128732376,KPNGROWT
1121,_403.219_14.471_Ile His Leu,1.35258085651931e-12,6.55339289707648e-12,Significant,1.42047697,0.506375441,KPNGROWT
1122,_185.051_5.41_ethyl-24-dimethyl-Thiazole-5-Carboxylate,0.677737985,0.72060344,Nonsignificant,1.086293572,0.119414046,KPNGROWT
1123,_498.171_8.172_Artonol D,0.093263247,0.126109934,Nonsignificant,0.681199929,-0.55384981,SPENTMEDIUM
1124,_358.185_10.639_Pro Lys Asp,0.004582547,0.008246258,Significant,0.643908959,-0.635071371,SPENTMEDIUM
1125,_673.345_9.424_Bikhaconitine Esi+9.424003,0.298173103,0.351365202,Nonsignificant,1.122882175,0.167206552,KPNGROWT
1126,_883.448_9.968_C38 H59 N16 O7 S,0.002289697,0.004329054,Significant,1.193722193,0.255467127,KPNGROWT
1127,_386.264_11.51_Arg Ile Val Esi+11.510289,0.000533348,0.001104607,Significant,1.427672983,0.513665559,KPNGROWT
1128,_515.284_13.099_Lys Pro Leu His,0.008348481,0.014160461,Significant,0.60702471,-0.720172849,SPENTMEDIUM
1129,_363.154_10.841_Flutrimazole,6.75797277425983e-09,2.38378243629364e-08,Significant,0.82670643,-0.274552988,SPENTMEDIUM
1130,_414.284_6.74_C11 H36 N13 O2 S,1.91091700624546e-18,1.58152547559692e-17,Significant,1.852431308,0.889420045,KPNGROWT
1131,_299.148_6.077_23-Diphenyl-3-2-pyridinylacrylonitrile,0.192158319,0.239859592,Nonsignificant,1.355021193,0.438315416,KPNGROWT
1132,_318.19_13.429_Ala Thr Lys,2.19735677098003e-13,1.15955184377777e-12,Significant,0.742768423,-0.429015611,SPENTMEDIUM
1133,_329.194_3.725_Pro Leu Thr Esi+3.7248015,0.913225038,0.92939218,Nonsignificant,0.960681565,-0.057869791,SPENTMEDIUM
1134,_379.185_9.33_Val Met Asn,0.075874659,0.105060546,Nonsignificant,0.9232275,-0.115241897,SPENTMEDIUM
1135,_525.765_14.171_525.7648@14.170997,0.769539479,0.807503933,Nonsignificant,0.927097188,-0.109207509,SPENTMEDIUM
1136,_442.241_4.296_Pro Val Val Glu,4.02854216949961e-14,2.27891201982066e-13,Significant,2.184967483,1.127611809,KPNGROWT
1137,_342.19_9.381_Pro Asn Ile Esi+9.381206,2.20497766793945e-09,8.17070992980349e-09,Significant,0.584018619,-0.775913732,SPENTMEDIUM
1138,_902.43_11.412_C44 H48 N21 O2,0.000956279,0.001904499,Significant,1.366140312,0.450105666,KPNGROWT
1139,_457.252_10.787_C15 H25 N18,5.09978383368919e-22,5.73928053664386e-21,Significant,0.812592453,-0.299396129,SPENTMEDIUM
1140,_357.201_13.489_E-64,0.313693932,0.367213536,Nonsignificant,1.17697239,0.235080477,KPNGROWT
1141,_715.447_7.863_2234456-Heptabromodiphenyl ether,0.325996057,0.379525787,Nonsignificant,1.053077376,0.074611445,KPNGROWT
1142,_1007.562_10.162_CDP-DG1819Z180 Esi+10.16199,1.49008121229976e-07,4.63362973473916e-07,Significant,0.537113741,-0.896700465,SPENTMEDIUM
1143,_727.688_13.88_C51 H87 N2,4.02925986104075e-08,1.30049100522514e-07,Significant,0.917130679,-0.124800781,SPENTMEDIUM
1144,_257.138_10.4_Ala Ala Pro Esi+10.400215,0.010408543,0.017391178,Significant,0.90695457,-0.140897808,SPENTMEDIUM
1145,_370.221_9.88_Val Val Pro Gly Esi+9.880237,0.009450844,0.015903438,Significant,1.17120402,0.227992411,KPNGROWT
1146,_434.216_9.357_C20 H24 N11 O,0.15254004,0.196162434,Nonsignificant,0.939735183,-0.089673831,SPENTMEDIUM
1147,_265.154_13.233_8-Cyclopentyltheophylline Esi+13.232992,0.022689265,0.035072722,Significant,0.829047517,-0.270473303,SPENTMEDIUM
1148,_1091.532_13.882_1091.5322@13.882029,0.280191077,0.334056287,Nonsignificant,1.023583187,0.033628356,KPNGROWT
1149,_300.143_10.9_Gln Gly Pro Esi+10.899556,0.000239653,0.000520676,Significant,0.671355022,-0.574852209,SPENTMEDIUM
1150,_454.17_10.658_Methotrexate,2.02252361235447e-21,2.15095386173898e-20,Significant,0.711357581,-0.491353147,SPENTMEDIUM
1151,_386.191_11.156_Arg Asp Pro,0.891653497,0.912679013,Nonsignificant,0.99112785,-0.012856925,SPENTMEDIUM
1152,_878.45_10.953_C35 H48 N27 O2,3.84205228083918e-28,7.10612626203908e-27,Significant,0.768115701,-0.380604454,SPENTMEDIUM
1153,_399.211_9.825_Val Gln Pro Gly,5.06606684726109e-18,4.05094894140013e-17,Significant,0.72162704,-0.470674696,SPENTMEDIUM
1154,_289.164_9.893_Gly Leu Thr Esi+9.892542,0.034981346,0.051562941,Nonsignificant,0.577575008,-0.791919778,SPENTMEDIUM
1155,_374.226_12.821_Ser Arg Ile,0.423665516,0.478806002,Nonsignificant,1.047419174,0.06683892,KPNGROWT
1156,_347.134_5.706_Evoxine,5.67658722862099e-10,2.23594463616238e-09,Significant,1.460484912,0.546447454,KPNGROWT
1157,_521.756_13.278_521.7565@13.277516,0.406203354,0.462029163,Nonsignificant,0.923297949,-0.115131813,SPENTMEDIUM
1158,_526.304_10.248_C19 H32 N19,0.005104351,0.009055007,Significant,0.622927845,-0.682863033,SPENTMEDIUM
1159,_868.952_11.328_C39 H7 N3 O22,2.79006045185458e-21,2.90904832406603e-20,Significant,0.838042541,-0.254904614,SPENTMEDIUM
1160,_459.301_12.285_C20 H35 N12 O Esi+12.284563,0.002629667,0.004902104,Significant,1.458652819,0.544636541,KPNGROWT
1161,_1167.691_1.377_1167.6913@1.3769995,0.794811551,0.827896263,Nonsignificant,1.054466088,0.076512698,KPNGROWT
1162,_431.241_1.837_C22 H27 N10,1.32242216878059e-05,3.36861311736084e-05,Significant,0.642018352,-0.639313557,SPENTMEDIUM
1163,_317.159_10.781_Ala Asp Ile,0.050940588,0.072963387,Nonsignificant,1.236577798,0.306353008,KPNGROWT
1164,_521.285_11.066_Gln Tyr Ile Val,0.000910568,0.001825123,Significant,0.824123576,-0.279067412,SPENTMEDIUM
1165,_459.281_12.177_C17 H43 N6 O4 S2,0.281864882,0.335493342,Nonsignificant,0.947575551,-0.07768712,SPENTMEDIUM
1166,_429.292_12.078_C18 H37 N8 O4,0.412041693,0.46766952,Nonsignificant,0.82768281,-0.272850101,SPENTMEDIUM
1167,_612.384_7.813_4-Oxomytiloxanthin,2.41963522164153e-07,7.30009094529295e-07,Significant,3.762760347,1.911791406,KPNGROWT
1168,_287.086_8.207_Clitocine Esi+8.207146,5.13052011299212e-17,3.78910287511605e-16,Significant,0.419345937,-1.253787217,SPENTMEDIUM
1169,_472.3_12.994_C18 H32 N16,0.964021544,0.970408814,Nonsignificant,0.994119362,-0.008509011,SPENTMEDIUM
1170,_588.277_11.396_C24 H30 N17 O2,1.37281944866696e-11,6.17333396895269e-11,Significant,2.522182959,1.334672933,KPNGROWT
1171,_644.32_9.246_C35 H38 N11 O2,0.144156765,0.186388142,Nonsignificant,1.215542166,0.28159994,KPNGROWT
1172,_260.084_2.611_3-Dihydroxyflurbiprofen,1.25999655007627e-05,3.22504532131436e-05,Significant,1.243137955,0.313986406,KPNGROWT
1173,_228.086_7.545_Decitabine Esi+7.544997,0.473289324,0.527613414,Nonsignificant,1.110394,0.151071678,KPNGROWT
1174,_345.227_7.236_Leu Thr Leu,4.45801663925757e-20,4.195664332611e-19,Significant,0.637960264,-0.648461527,SPENTMEDIUM
1175,_452.202_10.117_8-Isobutanoylneosolaniol,0.182740202,0.229857132,Nonsignificant,0.910021841,-0.136026924,SPENTMEDIUM
1176,_151.063_1.957_C8 H9 N O2,0.015232347,0.02454485,Significant,0.663146121,-0.592601299,SPENTMEDIUM
1177,_301.142_8.103_Tryptophyl-Proline,0.002259123,0.004278855,Significant,0.47684746,-1.068400264,SPENTMEDIUM
1178,_673.766_8.972_673.7655@8.971992,0.54546101,0.598347379,Nonsignificant,0.867827027,-0.204520578,SPENTMEDIUM
1179,_420.165_7.9_Trp Thr Asp,0.057698269,0.081598549,Nonsignificant,0.956217702,-0.06458898,SPENTMEDIUM
1180,_304.139_11.837_Thr Gly Gln,0.214602916,0.264353952,Nonsignificant,0.801942838,-0.318428689,SPENTMEDIUM
1181,_678.676_13.718_C44 H88 N O3,1.40397730891794e-05,3.56355577096476e-05,Significant,1.608085582,0.685344189,KPNGROWT
1182,_439.242_10.028_1415-LTE4,0.80434849,0.835783702,Nonsignificant,0.960840592,-0.057630994,SPENTMEDIUM
1183,_635.332_6.74_Trp Arg Arg Pro,0.005287269,0.009325059,Significant,1.322065405,0.402793551,KPNGROWT
1184,_113.097_12.436_C5 H11 N3 Esi+12.436294,2.99686836261384e-10,1.21647690978619e-09,Significant,0.511993126,-0.965803653,SPENTMEDIUM
1185,_388.196_9.747_Leu Glu Gln Esi+9.746983,0.122374242,0.161070552,Nonsignificant,0.827135484,-0.273804433,SPENTMEDIUM
1186,_319.174_9.713_Val Thr Thr,3.98280232043199e-15,2.48428754708471e-14,Significant,0.46426978,-1.106964717,SPENTMEDIUM
1187,_453.295_12.372_Pro Pro Leu Lys Esi+12.372004,0.427556655,0.482703294,Nonsignificant,1.276899709,0.352645217,KPNGROWT
1188,_374.216_9.424_Leu Lys Asp,2.5191110061587e-09,9.28622029479993e-09,Significant,0.725427949,-0.463095764,SPENTMEDIUM
1189,_372.237_8.37_Leu Ile Gln Esi+8.370003,0.162500352,0.20759054,Nonsignificant,0.823078609,-0.280897871,SPENTMEDIUM
1190,_727.401_9.344_C34 H47 N16 O3,9.23927978791683e-07,2.62375809197585e-06,Significant,0.683789006,-0.548376869,SPENTMEDIUM
1191,_264.073_4.758_11-bromo-undecanoic acid,1.99364976196579e-07,6.09266241911096e-07,Significant,3.09738831,1.631052261,KPNGROWT
1192,_404.191_11.396_His Arg Ala,1.21232961246719e-09,4.61292501917299e-09,Significant,2.610695455,1.384434173,KPNGROWT
1193,_539.33_8.049_C32 H47 N2 O3 S,0.030027364,0.045041046,Significant,0.659451611,-0.600661294,SPENTMEDIUM
1194,_276.114_5.04_C17 H14 N3 O,3.80496940096614e-10,1.53570586638614e-09,Significant,5.536724364,2.469032702,KPNGROWT
1195,_580.297_12.823_Asp Lys Arg Tyr Esi+12.822507,0.014830889,0.023988823,Significant,0.886533084,-0.173753623,SPENTMEDIUM
1196,_86.037_9.236_Methyl acrylate,0.026251146,0.039911468,Significant,0.804348709,-0.314107006,SPENTMEDIUM
1197,_344.205_9.74_Pro Lys Thr Esi+9.739992,1.29327922038233e-27,2.27339248078778e-26,Significant,0.851131832,-0.232545486,SPENTMEDIUM
1198,_576.291_9.503_C26 H34 N13 O3,2.41336085851199e-13,1.26123305799877e-12,Significant,0.66266312,-0.593652466,SPENTMEDIUM
1199,_344.217_12.876_Val Ala Arg Esi+12.875986,1.76888111104389e-07,5.43700884854096e-07,Significant,0.717601772,-0.478744643,SPENTMEDIUM
1200,_740.389_9.334_C36 H42 N19,0.257888406,0.310781099,Nonsignificant,1.143460203,0.193406155,KPNGROWT
1201,_590.234_9.405_Glu Gln Glu Trp,0.346183679,0.400398416,Nonsignificant,1.054076106,0.075979035,KPNGROWT
1202,_552.326_9.303_Lithocholate 3-O-glucuronide Esi+9.303113,0.199910788,0.248806464,Nonsignificant,1.142106688,0.191697423,KPNGROWT
1203,_998.482_14.007_998.4816@14.007022,0.385744913,0.441592805,Nonsignificant,1.021517589,0.030714046,KPNGROWT
1204,_545.253_9.575_Tetrahydroxyalmitrine,0.049450329,0.071068141,Nonsignificant,0.872833684,-0.196221316,SPENTMEDIUM
1205,_400.28_10.39_Leu Ile Arg,0.559496254,0.610594424,Nonsignificant,0.857528866,-0.22174286,SPENTMEDIUM
1206,_460.218_10.134_C36 H28,1.25903003097286e-29,2.73260905701967e-28,Significant,0.810990655,-0.302242805,SPENTMEDIUM
1207,_445.249_13.433_CAY10594,0.261186244,0.314399061,Nonsignificant,1.302293718,0.38105487,KPNGROWT
1208,_429.234_13.141_429.2337@13.140998,0.005246095,0.009267811,Significant,0.531479867,-0.911913053,SPENTMEDIUM
1209,_346.222_13.106_Ser Leu Lys Esi+13.106321,0.09414722,0.127143578,Nonsignificant,0.660762162,-0.59779702,SPENTMEDIUM
1210,_430.244_9.331_Ala Leu Asp Leu,0.263830368,0.317222834,Nonsignificant,1.17739788,0.235601935,KPNGROWT
1211,_481.291_9.525_C29 H35 N7,0.000689222,0.001406885,Significant,0.778215394,-0.361758575,SPENTMEDIUM
1212,_531.255_10.275_C22 H27 N16 O,2.07037581377279e-26,3.19107924340198e-25,Significant,0.800585873,-0.320871937,SPENTMEDIUM
1213,_445.257_13.147_C21 H37 N2 O8 Esi+13.147234,4.32977429950804e-05,0.000104415,Significant,0.531353039,-0.912257367,SPENTMEDIUM
1214,_358.185_11.604_Istamycin KL1,0.229069769,0.279696555,Nonsignificant,1.281653928,0.358006758,KPNGROWT
1215,_388.196_10.259_Leu Glu Gln Esi+10.258998,0.938054531,0.949663011,Nonsignificant,1.017394678,0.024879453,KPNGROWT
1216,_469.264_9.807_Tafluprost Esi+9.807006,1.71986862200067e-10,7.06208602122669e-10,Significant,0.650084041,-0.621301857,SPENTMEDIUM
1217,_631.301_10.579_Mesaconitine,0.138253749,0.179308368,Nonsignificant,0.9026368,-0.147782498,SPENTMEDIUM
1218,_583.308_7.685_Lys Lys Thr Trp,0.116855545,0.154668167,Nonsignificant,0.715775351,-0.482421232,SPENTMEDIUM
1219,_627.303_11.097_Amphibine H,6.89145865944438e-07,2.00247712686314e-06,Significant,0.673299355,-0.570680012,SPENTMEDIUM
1220,_335.14_11.698_Glu Thr Ser,0.543584491,0.596596601,Nonsignificant,0.952083642,-0.070839773,SPENTMEDIUM
1221,_412.268_7.26_C19 H30 N11,0.248391963,0.300357991,Nonsignificant,0.909246983,-0.137255861,SPENTMEDIUM
1222,_412.755_13.554_412.7551@13.553973,0.859957028,0.883210333,Nonsignificant,1.0132394,0.018975083,KPNGROWT
1223,_406.258_10.662_Phe Lys Leu,1.09134369160196e-19,9.87782141292499e-19,Significant,0.932082147,-0.101470986,SPENTMEDIUM
1224,_584.315_10.067_Caracurine V Esi+10.066963,0.973086692,0.976760451,Nonsignificant,0.997920945,-0.003002564,SPENTMEDIUM
1225,_208.122_6.604_4-Dimethylamino-L-phenylalanine Esi+6.603642,0.516336356,0.569926014,Nonsignificant,1.104548226,0.14345641,KPNGROWT
1226,_436.202_12.151_Thevetin A,0.121382919,0.159864687,Nonsignificant,1.081934837,0.113613611,KPNGROWT
1227,_347.152_9.449_Pro Met Thr,3.21847654085357e-13,1.65755438314662e-12,Significant,0.543912097,-0.878554582,SPENTMEDIUM
1228,_492.258_2.02_Phe Ile Asp Val,0.000121921,0.000277057,Significant,0.550307194,-0.861690907,SPENTMEDIUM
1229,_276.133_12.943_Saccharopine,7.21586697075306e-06,1.89016613876746e-05,Significant,0.738688868,-0.436961258,SPENTMEDIUM
1230,_651.394_8.319_C28 H45 N17 O2,9.39845753873833e-10,3.62147086682906e-09,Significant,1.566529567,0.647572,KPNGROWT
1231,_389.191_11.268_389.1913@11.267979,0.187923621,0.234987385,Nonsignificant,0.858642957,-0.219869744,SPENTMEDIUM
1232,_300.168_1.69_CAY10492,0.004023321,0.007295484,Significant,1.23258369,0.301685606,KPNGROWT
1233,_372.165_11.778_Boc-PheNMe-Gly-OMe,0.014008322,0.022806828,Significant,0.88525909,-0.175828343,SPENTMEDIUM
1234,_285.169_9.089_Leu-Gly-Pro Esi+9.08916,0.007133125,0.012255378,Significant,0.613899657,-0.703925231,SPENTMEDIUM
1235,_528.266_11.639_His His His Val Esi+11.639013,0.000334856,0.000715819,Significant,1.729742023,0.790556887,KPNGROWT
1236,_357.166_11.594_Gly Ile Phe,0.02399729,0.036884284,Significant,1.20004367,0.263086907,KPNGROWT
1237,_416.239_13.291_Ile Glu Arg,4.54227502559953e-05,0.000109045,Significant,0.628028092,-0.671099002,SPENTMEDIUM
1238,_356.206_9.577_Gln Pro Leu Esi+9.576681,2.82711698545174e-05,6.95981230099057e-05,Significant,0.700678288,-0.513175904,SPENTMEDIUM
1239,_427.243_9.972_Val Asn Pro Val Esi+9.97199,0.31818843,0.371452684,Nonsignificant,0.887816363,-0.171666797,SPENTMEDIUM
1240,_213.113_2.784_C6 H13 N8 O,0.000525587,0.001090657,Significant,1.358956465,0.442499239,KPNGROWT
1241,_544.31_12.324_C22 H36 N14 O3,0.638058664,0.684392727,Nonsignificant,0.956687278,-0.063880682,SPENTMEDIUM
1242,_528.324_12.846_Neolinderachalcone,0.000623119,0.001276854,Significant,1.305580562,0.384691483,KPNGROWT
1243,_503.24_10.177_Gly Glu Trp Leu,0.868837019,0.891039701,Nonsignificant,1.016720936,0.02392375,KPNGROWT
1244,_333.154_11.018_Asp Thr Val,0.335690979,0.389320999,Nonsignificant,0.786082337,-0.347247662,SPENTMEDIUM
1245,_434.201_11.279_His Thr Arg,0.000508175,0.001058657,Significant,1.382395088,0.467169996,KPNGROWT
1246,_599.418_1.512_C26 H47 N16 O,0.002360769,0.004435827,Significant,0.452209928,-1.144935431,SPENTMEDIUM
1247,_114.079_4.062_L-Prolinamide Esi+4.0619974,0.866549217,0.889551247,Nonsignificant,1.044675692,0.063055144,KPNGROWT
1248,_992.46_9.632_C45 H52 N24 O4,0.300252868,0.353033638,Nonsignificant,0.942388112,-0.085606756,SPENTMEDIUM
1249,_481.3_14.18_C21 H33 N14,2.32437415433962e-07,7.02264748051188e-07,Significant,2.578434882,1.366495611,KPNGROWT
1250,_465.205_10.262_S9947,2.35496952054185e-08,7.82659401592581e-08,Significant,0.822862896,-0.281276023,SPENTMEDIUM
1251,_941.556_7.888_C39 H87 N7 O12 S3,4.15624294457191e-22,4.72744852572431e-21,Significant,4.264241113,2.092289015,KPNGROWT
1252,_294.122_9.351_L-gamma-Glutamyl-beta-phenyl-beta-L-alanine,0.000127595,0.000288717,Significant,0.668536318,-0.580922159,SPENTMEDIUM
1253,_313.2_7.789_Pro Val Val Esi+7.788971,5.07734361134979e-05,0.000121306,Significant,0.836061541,-0.258318954,SPENTMEDIUM
1254,_408.2_9.308_Tyr Asn Leu,0.106783968,0.142400941,Nonsignificant,0.718639551,-0.476659756,SPENTMEDIUM
1255,_741.388_9.623_C29 H41 N24 O,0.000795584,0.001610092,Significant,2.028191235,1.020193688,KPNGROWT
1256,_208.123_6.04_4-N-Maleimidophenyltrimethylammonium Esi+6.039789,0.13958879,0.180929529,Nonsignificant,1.223712876,0.291265093,KPNGROWT
1257,_339.143_9.885_Lys-Abu-OH,0.034934233,0.051529205,Nonsignificant,0.797051304,-0.327255505,SPENTMEDIUM
1258,_392.215_7.582_Phe Arg Ala Esi+7.581991,0.064626799,0.090554151,Nonsignificant,1.383358178,0.468174747,KPNGROWT
1259,_490.21_7.411_Granisetron metabolite 4  glucuronide,0.017444802,0.027794078,Significant,0.542032225,-0.883549468,SPENTMEDIUM
1260,_134.021_7.976_Velcorin Esi+7.9759912,6.14413032345194e-32,1.63357064974778e-30,Significant,0.77366072,-0.370227067,SPENTMEDIUM
1261,_581.281_10.857_Glu Leu Trp Ile,0.586127359,0.635419415,Nonsignificant,1.060484811,0.084723958,KPNGROWT
1262,_458.284_12.895_Leukotriene E3 Esi+12.895015,0.097966002,0.131715351,Nonsignificant,1.138734079,0.187430884,KPNGROWT
1263,_257.101_9.598_Pyro-L-glutaminyl-L-glutamine,5.47810137329066e-37,2.19847577754514e-35,Significant,0.712101113,-0.489845987,SPENTMEDIUM
1264,_197.119_3.278_Hercynine,0.791788173,0.826436333,Nonsignificant,1.041997781,0.059352206,KPNGROWT
1265,_236.141_5.403_1213-Dimethyl-514-dioxabicyclo9.2.1-tetradeca-11311-dien-4-one,0.015909633,0.025539463,Significant,1.455878799,0.541890257,KPNGROWT
1266,_131.095_2.773_6-Deoxyfagomine Esi+2.7729602,0.037953918,0.055585642,Nonsignificant,1.297595699,0.375840943,KPNGROWT
1267,_476.213_10.469_C19 H22 N15 O,0.004619107,0.008291005,Significant,0.874923717,-0.192770858,SPENTMEDIUM
1268,_340.21_12.917_Pro Pro Lys Esi+12.916621,0.000100972,0.000232937,Significant,0.370279076,-1.433315066,SPENTMEDIUM
1269,_273.169_9.318_Val Gly Val Esi+9.317994,1.98061201522628e-08,6.6238392396011e-08,Significant,0.629864835,-0.666885826,SPENTMEDIUM
1270,_482.249_10.983_His Asp Ile Val,0.000398748,0.000841406,Significant,0.732386904,-0.4493221,SPENTMEDIUM
1271,_283.018_9.319_Procymidone,0.452930824,0.508113851,Nonsignificant,1.063755219,0.08916621,KPNGROWT
1272,_542.272_10.616_Val Asp Pro Val Asn Esi+10.615577,0.2356891,0.28711954,Nonsignificant,1.724010393,0.785768472,KPNGROWT
1273,_437.729_13.877_437.7289@13.877009,7.5297517935673e-05,0.000175998,Significant,2.2012292,1.138309372,KPNGROWT
1274,_398.227_9.666_PC0090U,0.068776287,0.095926009,Nonsignificant,0.645438869,-0.631647635,SPENTMEDIUM
1275,_409.199_9.986_Benexate,6.333683595103e-07,1.84544452147727e-06,Significant,0.565039707,-0.82357584,SPENTMEDIUM
1276,_458.242_10.031_Arg Phe His,0.000268149,0.000577865,Significant,0.856873483,-0.222845888,SPENTMEDIUM
1277,_83.037_10.427_C4 H5 N O,5.91037218115112e-14,3.26528873488531e-13,Significant,0.442870734,-1.175042433,SPENTMEDIUM
1278,_369.226_1.962_C16 H37 N2 O3 S2,1.07447168784562e-11,4.86255591499499e-11,Significant,0.811107439,-0.302035069,SPENTMEDIUM
1279,_522.335_12.643_C17 H36 N19 O,0.000244633,0.000530411,Significant,0.677390559,-0.561940215,SPENTMEDIUM
1280,_487.278_12.121_C21 H33 N11 O3,0.331373869,0.3853648,Nonsignificant,0.898973003,-0.153650305,SPENTMEDIUM
1281,_457.253_10.046_C24 H43 N O S3,1.9921793144963e-05,4.97658381736464e-05,Significant,0.555026799,-0.849370661,SPENTMEDIUM
1282,_1053.566_9.979_1053.5662@9.979003,3.89925076946592e-34,1.18481519809343e-32,Significant,0.728345265,-0.457305587,SPENTMEDIUM
1283,_187.064_3.741_N-25-Dihydroxyphenylpyridinium Esi+3.7409983,0.000170081,0.000378018,Significant,2.583623678,1.369395947,KPNGROWT
1284,_545.234_11.12_Dihydrozeatin-9-N-glucoside-O-glucoside,0.005566033,0.00979235,Significant,0.833046401,-0.263531239,SPENTMEDIUM
1285,_658.328_10.647_Lipoxin C4,1.7581623118378e-05,4.42557542873256e-05,Significant,0.778555028,-0.361129082,SPENTMEDIUM
1286,_440.165_6.395_Marchantin A,1.16952055364745e-06,3.28175490449622e-06,Significant,2.514697015,1.330384586,KPNGROWT
1287,_271.149_10.507_Methoprotryne,0.017844563,0.028346069,Significant,1.453581051,0.539611518,KPNGROWT
1288,_469.23_11.536_Trp Pro Pro Ala,2.90414157852251e-06,7.86892883760177e-06,Significant,0.827863272,-0.27253558,SPENTMEDIUM
1289,_674.298_8.929_Arg Asp Leu Tyr Ser,0.296791062,0.35026751,Nonsignificant,1.085571979,0.118455388,KPNGROWT
1290,_317.195_9.38_Leu Ser Val Esi+9.379816,0.013793446,0.022533533,Significant,0.782774222,-0.353331848,SPENTMEDIUM
1291,_227.091_6.053_dCYD  2-Deoxycytidine,4.46162009379769e-14,2.51720581949806e-13,Significant,0.502149006,-0.993812567,SPENTMEDIUM
1292,_430.224_8.016_C25 H28 N5 O2 Esi+8.015994,0.016798638,0.026804729,Significant,0.647302094,-0.627488924,SPENTMEDIUM
1293,_591.336_12.091_Janthitrem C,0.968367431,0.973401477,Nonsignificant,0.994803332,-0.007516756,SPENTMEDIUM
1294,_438.235_11.93_Val Asn Pro Val Esi+11.929996,0.000987729,0.001963457,Significant,1.707320723,0.771734097,KPNGROWT
1295,_441.258_13.579_Leukotriene E3 Esi+13.579031,0.414789231,0.470536904,Nonsignificant,1.080933031,0.112277143,KPNGROWT
1296,_288.147_1.926_±-Rollipyrrole,0.008711364,0.014740709,Significant,1.731523376,0.792041864,KPNGROWT
1297,_502.279_13.112_6RS24R-2425-dihydroxyvitamin D3 619-sulfur dioxide adduct  6RS24R-2425-dihydroxycholecalciferol 619-sulfur dioxide adduct,0.82617646,0.85346155,Nonsignificant,0.964025311,-0.052857069,SPENTMEDIUM
1298,_733.864_14.06_C24 N O27,0.153665109,0.197370584,Nonsignificant,1.225259153,0.293086924,KPNGROWT
1299,_561.284_8.397_C25 H39 N9 O4 S,0.010525848,0.017573374,Significant,1.291751213,0.369328238,KPNGROWT
1300,_342.163_11.496_Jasmolone glucoside,5.88734068813147e-18,4.65515748834782e-17,Significant,0.785566647,-0.348194417,SPENTMEDIUM
1301,_496.241_11.568_Lys Trp Ala Ala,0.022328781,0.034590908,Significant,0.83181595,-0.265663745,SPENTMEDIUM
1302,_360.201_9.773_Lys Val Asp Esi+9.773262,0.000232572,0.000506846,Significant,0.607076166,-0.720050562,SPENTMEDIUM
1303,_440.299_6.689_C13 H38 N13 O2 S,0.781123289,0.817240155,Nonsignificant,0.954453093,-0.067253797,SPENTMEDIUM
1304,_396.212_12.367_His Ile Gln Esi+12.366748,0.03233978,0.048001893,Significant,0.837904346,-0.255142537,SPENTMEDIUM
1305,_765.367_11.988_C40 H59 N7 S4,0.550241054,0.602348287,Nonsignificant,0.921391442,-0.118113896,SPENTMEDIUM
1306,_374.216_9.756_Leu Lys Asp Esi+9.756018,1.97893996369539e-18,1.62517579257919e-17,Significant,0.759735144,-0.396431535,SPENTMEDIUM
1307,_335.184_7.541_Val Ala Phe Esi+7.540515,3.14640828617526e-05,7.70127781898133e-05,Significant,1.549769699,0.632053842,KPNGROWT
1308,_545.285_9.177_C41 H37 O,0.030545025,0.045720808,Significant,0.613252626,-0.705446589,SPENTMEDIUM
1309,_129.043_11.039_R-+-2-Pyrrolidone-5-carboxylic acid Esi+11.039442,0.333686876,0.387419206,Nonsignificant,0.775756336,-0.36632452,SPENTMEDIUM
1310,_287.086_7.793_Clitocine Esi+7.792796,1.67065924838825e-17,1.2828491773725e-16,Significant,0.282313892,-1.824627971,SPENTMEDIUM
1311,_388.232_9.329_Lys Leu Glu Esi+9.329136,0.000159391,0.000355931,Significant,0.788895333,-0.342094192,SPENTMEDIUM
1312,_441.257_10.223_Val Pro Gln Val,0.859419319,0.883084489,Nonsignificant,0.978124981,-0.031909275,SPENTMEDIUM
1313,_1266.18_10.536_1266.18@10.53597,2.026282114461e-53,2.15495102872927e-50,Significant,0.632318486,-0.661276696,SPENTMEDIUM
1314,_141.079_8.182_Guvacoline,0.084036429,0.115171059,Nonsignificant,0.675194672,-0.566624575,SPENTMEDIUM
1315,_526.274_10.817_Gln Ser Leu Tyr,7.99578991730676e-06,2.08164567369785e-05,Significant,2.073854916,1.052314969,KPNGROWT
1316,_624.297_13.129_Lys Asn Gly Glu Arg,0.154644011,0.198388307,Nonsignificant,0.901771993,-0.149165391,SPENTMEDIUM
1317,_288.132_7.958_C12 H20 N2 O6,0.013148261,0.021595638,Significant,0.82059548,-0.285256888,SPENTMEDIUM
1318,_408.212_12.281_Arg Ser Phe,0.831954615,0.858180148,Nonsignificant,1.049234935,0.069337749,KPNGROWT
1319,_1266.681_10.537_1266.6808@10.537024,3.74827134401404e-29,7.74036228030861e-28,Significant,0.657928273,-0.603997785,SPENTMEDIUM
1320,_552.325_8.247_C33 H40 N6 O2,0.220282304,0.270207878,Nonsignificant,0.900144035,-0.151772224,SPENTMEDIUM
1321,_271.165_12.946_Prolyl-Arginine,2.2666783387461e-24,2.95780664203248e-23,Significant,0.795642786,-0.329807235,SPENTMEDIUM
1322,_529.288_7.232_C24 H31 N15,0.298574409,0.351590121,Nonsignificant,1.127274152,0.172838421,KPNGROWT
1323,_188.08_11.033_N?-Acetyl-L-glutamine,1.09526142036685e-09,4.19751538940592e-09,Significant,0.73554519,-0.443114115,SPENTMEDIUM
1324,_287.184_7.966_Ile Val Gly Esi+7.9663587,0.178461814,0.225482732,Nonsignificant,1.190798113,0.251928841,KPNGROWT
1325,_337.164_8.78_Tyr Gly Val,0.953073438,0.963492017,Nonsignificant,0.995155481,-0.007006149,SPENTMEDIUM
1326,_435.248_12.108_Ala Ala Phe Lys,1.1666698861828e-10,4.88485599982442e-10,Significant,3.41332594,1.771178185,KPNGROWT
1327,_738.426_10.346_C29 H48 N21 O3,3.6075995921767e-15,2.2568718625176e-14,Significant,0.763826342,-0.388683419,SPENTMEDIUM
1328,_613.308_10.906_C38 H39 N5 O3,1.86319488639581e-11,8.32566286420987e-11,Significant,0.807043888,-0.309280964,SPENTMEDIUM
1329,_330.169_14.094_Tetranor-PGFM,0.934344142,0.946357138,Nonsignificant,1.010853796,0.015574349,KPNGROWT
1330,_288.151_12.824_3xi6E-17-Diphenyl-6-hepten-3-ol,5.40414366633367e-10,2.13654527477541e-09,Significant,0.629241987,-0.668313154,SPENTMEDIUM
1331,_867.399_10.238_C36 H41 N27 O,7.99404687908031e-25,1.08301514087922e-23,Significant,0.739698881,-0.434990001,SPENTMEDIUM
1332,_617.303_13.307_Thr Leu Val Thr Tyr,0.152503245,0.196162434,Nonsignificant,0.873574604,-0.194997179,SPENTMEDIUM
1333,_427.255_12.459_C17 H27 N14,0.001340826,0.002618859,Significant,0.476589406,-1.069181214,SPENTMEDIUM
1334,_314.16_10.572_Gln Pro Ala,0.00102358,0.002030927,Significant,0.941356387,-0.08718708,SPENTMEDIUM
1335,_426.223_12.173_Ala Val Thr His,2.86447436185319e-05,7.0436265522101e-05,Significant,2.258029813,1.175064534,KPNGROWT
1336,_510.28_9.589_Leu Leu His Glu,0.053415139,0.076148794,Nonsignificant,0.873495131,-0.195128434,SPENTMEDIUM
1337,_634.307_10.756_Trp Arg His His,0.774979151,0.812810973,Nonsignificant,0.977366005,-0.03302917,SPENTMEDIUM
1338,_354.154_9.718_Isopropyl apiosylglucoside,0.272000958,0.326309102,Nonsignificant,1.077950536,0.108290978,KPNGROWT
1339,_299.184_3.564_Ala Ile Pro Esi+3.5639973,1.5689680851488e-14,9.14300032085343e-14,Significant,3.912534522,1.968103482,KPNGROWT
1340,_514.313_12.916_Flavidulol C,1.23941822294481e-05,3.17619585566699e-05,Significant,0.634973532,-0.655231638,SPENTMEDIUM
1341,_200.116_8.27_4-1-piperazinyl-1H-indole Esi+8.270007,0.688801477,0.730713587,Nonsignificant,1.050949714,0.071693641,KPNGROWT
1342,_256.106_11.084_1-beta-D-Ribofuranosyl-14-dihydronicotinamide,0.07615777,0.105255086,Nonsignificant,0.766244787,-0.384122741,SPENTMEDIUM
1343,_370.185_7.958_Thr Pro Pro Gly Esi+7.9580073,0.004283573,0.00773443,Significant,0.855125747,-0.225791509,SPENTMEDIUM
1344,_344.217_12.136_Val Ala Arg Esi+12.136076,0.486435315,0.540004131,Nonsignificant,0.944298673,-0.082684851,SPENTMEDIUM
1345,_1012.523_5.63_PIP1836Z9Z12Z1819Z,0.007953705,0.013555713,Significant,1.615038672,0.691568711,KPNGROWT
1346,_305.158_10.064_Syndesine,4.9261971398724e-42,5.2390106582543e-40,Significant,0.567216791,-0.818027853,SPENTMEDIUM
1347,_957.491_7.815_C54 H73 N2 O11 S,1.10960392221233e-12,5.46325820033711e-12,Significant,0.469871672,-1.089661304,SPENTMEDIUM
1348,_303.143_11.37_Pro Ser Thr,0.018619352,0.029423003,Significant,0.600209277,-0.736462478,SPENTMEDIUM
1349,_388.196_10.673_Leu Glu Gln Esi+10.672985,3.15562678099991e-06,8.50699386969178e-06,Significant,0.662993594,-0.592933164,SPENTMEDIUM
1350,_456.274_1.399_Polysorbate 60,7.00226941916198e-10,2.72282030247852e-09,Significant,0.568744374,-0.814147726,SPENTMEDIUM
1351,_544.23_10.513_Pro Tyr Pro Phe,0.7359682,0.778420866,Nonsignificant,0.969506058,-0.044678182,SPENTMEDIUM
1352,_461.212_11.364_Leu Asn Ser Glu,0.003200368,0.005878396,Significant,1.640497689,0.714133562,KPNGROWT
1353,_330.19_9.6_Gln Ala Ile Esi+9.599987,1.84932248852248e-05,4.6495377459661e-05,Significant,0.720181155,-0.473568247,SPENTMEDIUM
1354,_411.212_10.557_C32 H27,0.075796635,0.105060546,Nonsignificant,0.768740766,-0.379430919,SPENTMEDIUM
1355,_634.297_10.144_C27 H30 N20,0.004876625,0.008709137,Significant,0.806506481,-0.310241967,SPENTMEDIUM
1356,_597.384_12.103_Arg Arg Leu His Esi+12.10302,0.180520233,0.22733365,Nonsignificant,0.890567984,-0.167202348,SPENTMEDIUM
1357,_250.137_7.602_1-L-Leucyl-L-Proline,0.051607006,0.073868171,Nonsignificant,0.74327803,-0.428026129,SPENTMEDIUM
1358,_706.364_12.219_Pseudoaconitine,0.009646622,0.016212457,Significant,1.30866061,0.388090995,KPNGROWT
1359,_175.064_1.628_1-Methoxy-1H-indole-3-carboxaldehyde,0.004865318,0.008696245,Significant,1.687610006,0.754981547,KPNGROWT
1360,_427.217_11.157_Diflorasone,3.14232167352737e-06,8.48187588780802e-06,Significant,0.663994715,-0.590756336,SPENTMEDIUM
1361,_465.257_12.234_Ser Thr Lys Asn,8.81777131674229e-05,0.000204977,Significant,1.801474434,0.849178178,KPNGROWT
1362,_404.206_9.598_Ile Trp Ser,0.049172468,0.070716592,Nonsignificant,1.449644422,0.535699071,KPNGROWT
1363,_374.181_10.423_Ile Glu Asn,0.087560493,0.119232502,Nonsignificant,0.782901842,-0.353096657,SPENTMEDIUM
1364,_344.216_8.791_Pro Lys Thr Esi+8.7909975,0.277908527,0.332458626,Nonsignificant,0.736960064,-0.440341654,SPENTMEDIUM
1365,_441.74_13.145_441.7397@13.145001,0.323155091,0.376630618,Nonsignificant,0.795690325,-0.329721038,SPENTMEDIUM
1366,_735.355_11.795_C32 H39 N20 O2,0.016400375,0.026228268,Significant,1.396070128,0.481371414,KPNGROWT
1367,_111.092_11.937_C6 H11 N2,5.57822567720603e-09,1.98078230641356e-08,Significant,0.587604431,-0.76708282,SPENTMEDIUM
1368,_825.495_11.778_C36 H55 N23 O,2.8033181262265e-13,1.45430674499604e-12,Significant,2.784817772,1.477582926,KPNGROWT
1369,_710.352_9.19_Boivinide A,0.000131642,0.000296927,Significant,0.581823486,-0.781346562,SPENTMEDIUM
1370,_483.244_11.153_Pro Arg Asp Pro,0.102979132,0.137932377,Nonsignificant,0.826573093,-0.274785694,SPENTMEDIUM
1371,_518.223_10.27_His His Pro Glu,1.65158165103822e-26,2.58302512629286e-25,Significant,0.555877956,-0.847159924,SPENTMEDIUM
1372,_388.197_9.972_C10 H28 N8 O8,0.805702869,0.836373842,Nonsignificant,1.060471938,0.084706445,KPNGROWT
1373,_1055.549_9.547_1055.5492@9.546998,0.014851772,0.024004346,Significant,0.844099145,-0.244515632,SPENTMEDIUM
1374,_567.266_12.364_C38 H35 N2 O3,0.179390191,0.226446846,Nonsignificant,0.728203808,-0.457585809,SPENTMEDIUM
1375,_234.114_11.607_33-Dimethylbenzidine,0.09850406,0.13227155,Nonsignificant,1.316782834,0.397017434,KPNGROWT
1376,_461.257_13.103_Strophanthidin semicarbazide,0.162815062,0.207743033,Nonsignificant,1.223661663,0.291204714,KPNGROWT
1377,_228.148_8.266_L-isoleucyl-L-proline Esi+8.26553,2.38924797493987e-13,1.25170700559042e-12,Significant,1.766935519,0.821249392,KPNGROWT
1378,_354.19_13.425_C14 H24 N7 O4,0.031898824,0.047413556,Significant,0.626763524,-0.674006873,SPENTMEDIUM
1379,_444.294_7.155_C20 H34 N11 O Esi+7.155013,0.575831243,0.625532714,Nonsignificant,0.936123422,-0.095229342,SPENTMEDIUM
1380,_456.22_11.458_C21 H36 N4 O7,0.848884328,0.873102981,Nonsignificant,0.973287343,-0.039062301,SPENTMEDIUM
1381,_737.353_6.165_Phe Gln Phe Phe Lys,0.016274973,0.026047304,Significant,0.538084938,-0.89409417,SPENTMEDIUM
1382,_345.191_9.561_Val Asp Leu,0.013821846,0.022562599,Significant,0.813784381,-0.297281504,SPENTMEDIUM
1383,_453.222_7.803_C19 H25 N12 O2,6.82901608275485e-18,5.35989564871571e-17,Significant,0.789119531,-0.341684247,SPENTMEDIUM
1384,_596.317_7.332_C39 H40 N4 O2,3.65339279727447e-30,8.26677285085405e-29,Significant,0.633400818,-0.658809363,SPENTMEDIUM
1385,_330.154_10.952_Pro Ser Gln,2.62221614676963e-20,2.56043992693848e-19,Significant,0.547708798,-0.86851904,SPENTMEDIUM
1386,_574.275_10.521_Glu Ile Gln Trp,6.92884245707466e-07,2.01059316592057e-06,Significant,0.916318719,-0.126078603,SPENTMEDIUM
1387,_402.211_10.546_JWH 368,0.122973846,0.161716451,Nonsignificant,0.858971682,-0.219317525,SPENTMEDIUM
1388,_817.398_10.546_C37 H45 N20 O3,0.001469674,0.002846991,Significant,0.800786202,-0.32051098,SPENTMEDIUM
1389,_561.314_7.824_C29 H38 N9 S,9.54050140715761e-05,0.000220572,Significant,1.592566102,0.671353255,KPNGROWT
1390,_459.233_10.281_C26 H31 N6 S,1.76167981499759e-25,2.51482749429521e-24,Significant,0.697752105,-0.519213523,SPENTMEDIUM
1391,_399.211_11.456_Gly Gln Pro Val Esi+11.455996,0.030737895,0.045944837,Significant,1.608644176,0.685845244,KPNGROWT
1392,_490.211_10.507_Ser Arg Asn Asp,0.095232405,0.128283297,Nonsignificant,0.889960487,-0.168186812,SPENTMEDIUM
1393,_625.416_7.856_Torvoside G,0.014434742,0.023419295,Significant,1.482771002,0.568295807,KPNGROWT
1394,_194.107_6.799_Laccarin Esi+6.799095,0.003278425,0.006011387,Significant,1.732772386,0.793082157,KPNGROWT
1395,_581.283_11.702_Glu Leu Trp Ile Esi+11.701997,0.295917886,0.349676302,Nonsignificant,1.244741959,0.315846695,KPNGROWT
1396,_204.147_13.333_Molsidomine,0.057340076,0.081199961,Nonsignificant,0.594101612,-0.751218392,SPENTMEDIUM
1397,_705.337_11.793_C37 H37 N16,0.547774324,0.600265836,Nonsignificant,1.070572428,0.098382402,KPNGROWT
1398,_505.258_9.798_Asp His Arg Thr,0.482747413,0.536470088,Nonsignificant,0.910600362,-0.135110063,SPENTMEDIUM
1399,_412.269_7.555_C20 H44 O4 S2,0.006867977,0.011847678,Significant,1.596402922,0.674824824,KPNGROWT
1400,_570.258_10.299_Trp Tyr Trp,0.151568976,0.195149643,Nonsignificant,0.880278555,-0.183967973,SPENTMEDIUM
1401,_319.164_8.037_Phenylalanyl-Histidine,0.286719672,0.340129806,Nonsignificant,0.816562643,-0.292364528,SPENTMEDIUM
1402,_621.278_10.148_C29 H31 N15 O2,0.043418827,0.062974853,Nonsignificant,0.827091887,-0.273880479,SPENTMEDIUM
1403,_625.378_12.859_C24 H41 N20 O,0.014758162,0.023907547,Significant,1.367253643,0.451280906,KPNGROWT
1404,_332.181_13.345_Ser Arg Ala,2.63261099616735e-06,7.15142220797951e-06,Significant,0.647367076,-0.627344101,SPENTMEDIUM
1405,_546.287_12.857_Decoside,0.794404957,0.827878169,Nonsignificant,1.042214128,0.059651717,KPNGROWT
1406,_386.252_7.729_C22 H34 N4 S,5.70466179962209e-06,1.5129445944883e-05,Significant,0.435198938,-1.200253058,SPENTMEDIUM
1407,_501.29_13.162_Fexofenadine,0.020099253,0.031550635,Significant,0.694434523,-0.526089424,SPENTMEDIUM
1408,_344.217_12.07_Val Ala Arg Esi+12.069732,0.877561729,0.899553637,Nonsignificant,0.971464688,-0.041766539,SPENTMEDIUM
1409,_459.258_11.018_Trp Val Arg,0.136078806,0.176811008,Nonsignificant,0.727673532,-0.45863676,SPENTMEDIUM
1410,_302.158_10.727_Gly Gln Val Esi+10.7273855,1.70722698419415e-20,1.69685597914998e-19,Significant,0.644802352,-0.633071088,SPENTMEDIUM
1411,_940.972_10.754_C55 H3 N5 O13,0.0003421,0.000729836,Significant,0.829581333,-0.269544664,SPENTMEDIUM
1412,_400.231_9.34_C17 H34 N7 S2,0.019657434,0.030925563,Significant,0.722936898,-0.46805837,SPENTMEDIUM
1413,_299.148_6.54_Pro Ser Pro,8.16781609200144e-06,2.12383188602531e-05,Significant,1.919146854,0.940465112,KPNGROWT
1414,_442.241_13.234_6-bromo-tetracosa-5E9Z-dienoic acid,0.515653629,0.569467948,Nonsignificant,0.909164635,-0.137386528,SPENTMEDIUM
1415,_346.186_10.008_Gln Thr Val Esi+10.007968,0.000723125,0.001471853,Significant,0.611965605,-0.708477525,SPENTMEDIUM
1416,_454.17_10.758_Methotrexate Esi+10.757771,1.24735368963034e-08,4.26546832450759e-08,Significant,0.531696735,-0.911324489,SPENTMEDIUM
1417,_488.224_11.305_Gln Ile Asn Asp,0.048714217,0.070104966,Nonsignificant,1.384489805,0.46935443,KPNGROWT
1418,_289.164_9.546_Gly Leu Thr Esi+9.5462675,2.51492992298619e-21,2.63510145132592e-20,Significant,0.437095653,-1.193979066,SPENTMEDIUM
1419,_384.201_6.164_C16 H22 N11 O,0.230639649,0.281129245,Nonsignificant,1.258634829,0.331859771,KPNGROWT
1420,_454.233_9.173_PG1419Z00,0.756229236,0.796977539,Nonsignificant,0.923317523,-0.115101228,SPENTMEDIUM
1421,_250.104_9.257_Threoninyl-Methionine,1.73317663259786e-09,6.47885184101169e-09,Significant,0.266061052,-1.91017076,SPENTMEDIUM
1422,_339.192_9.993_CAY10433,1.18721435484287e-11,5.3500104507432e-11,Significant,0.707635091,-0.498922502,SPENTMEDIUM
1423,_424.439_1.811_C27 H56 N2 O,0.027655368,0.041777677,Significant,0.70292254,-0.508562378,SPENTMEDIUM
1424,_503.206_9.478_C14 H37 N11 O S4,9.93622757207911e-06,2.57422119924632e-05,Significant,0.678623081,-0.559317596,SPENTMEDIUM
1425,_342.18_7.961_10-Acetylpanaxytriol,8.37857453301688e-08,2.65592072007852e-07,Significant,0.614332031,-0.702909488,SPENTMEDIUM
1426,_384.237_8.43_C19 H28 N8 O,0.006479081,0.011240625,Significant,0.528352489,-0.920427355,SPENTMEDIUM
1427,_832.469_11.352_C36 H50 N25,0.392899243,0.449057866,Nonsignificant,1.106982553,0.146632485,KPNGROWT
1428,_373.176_11.012_7-O-Demethylterazosin,0.020902425,0.032666758,Significant,0.591674088,-0.75712538,SPENTMEDIUM
1429,_484.259_11.384_Helilupolone,0.347691136,0.401705077,Nonsignificant,1.238174386,0.30821452,KPNGROWT
1430,_275.129_8.791_Tryptophyl-Alanine Esi+8.791,0.052913882,0.075484793,Nonsignificant,0.604382287,-0.726466717,SPENTMEDIUM
1431,_510.245_11.231_Tyr Pro Pro Ile,0.528942235,0.583537414,Nonsignificant,0.897114779,-0.156635516,SPENTMEDIUM
1432,_797.322_9.509_C33 H33 N24 O2,0.000206356,0.000452494,Significant,0.469665801,-1.090293548,SPENTMEDIUM
1433,_344.171_10.617_Gln Thr Pro,5.12530897476196e-14,2.85380423804154e-13,Significant,0.629595357,-0.667503192,SPENTMEDIUM
1434,_443.309_11.851_C24 H45 N O4 S,0.026859946,0.040691671,Significant,1.472856689,0.558617061,KPNGROWT
1435,_377.231_6.562_Val Ile Phe,0.229272562,0.279783556,Nonsignificant,0.801990738,-0.31834252,SPENTMEDIUM
1436,_513.352_6.559_C16 H45 N14 O3 S,0.361312955,0.414963637,Nonsignificant,0.893806246,-0.161965969,SPENTMEDIUM
1437,_597.278_11.97_Met Asn Arg Arg,0.959288027,0.967934361,Nonsignificant,0.992177344,-0.01133008,SPENTMEDIUM
1438,_360.201_9.95_Lys Val Asp Esi+9.949725,0.001882363,0.003603768,Significant,0.53158205,-0.911635704,SPENTMEDIUM
1439,_314.184_1.621_E-64c,0.00013027,0.000294145,Significant,1.736384569,0.796086507,KPNGROWT
1440,_374.182_11.487_Glu Gln Val,4.65523106880843e-09,1.66135511465697e-08,Significant,4.366028451,2.126321532,KPNGROWT
1441,_689.326_10.921_C29 H33 N22,0.552016481,0.603980995,Nonsignificant,0.925851095,-0.111147913,SPENTMEDIUM
1442,_742.411_10.986_C32 H46 N20 O2,0.190223692,0.237584141,Nonsignificant,0.846593391,-0.24025887,SPENTMEDIUM
1443,_301.199_8.28_Ala Ile Val Esi+8.280203,0.822296441,0.849866147,Nonsignificant,1.047697864,0.067222731,KPNGROWT
1444,_420.236_7.576_C19 H30 N7 O4,0.017699712,0.028179107,Significant,1.508933028,0.593528775,KPNGROWT
1445,_870.485_8.265_C39 H52 N25,0.194495261,0.242492039,Nonsignificant,1.136881417,0.185081781,KPNGROWT
1446,_192.088_8.03_Acanthicifoline,0.273578028,0.327831248,Nonsignificant,1.20720639,0.271672347,KPNGROWT
1447,_340.174_11.121_Pro Gln Pro,0.214639998,0.264353952,Nonsignificant,0.824854111,-0.277789117,SPENTMEDIUM
1448,_345.226_7.863_Leu Thr Leu Esi+7.8629932,0.48017501,0.534449108,Nonsignificant,1.174916993,0.232558835,KPNGROWT
1449,_357.166_11.364_Phe Ala Val,0.12695359,0.165968216,Nonsignificant,1.347206742,0.429971263,KPNGROWT
1450,_330.19_9.367_Gln Ala Ile Esi+9.366762,0.005420901,0.009544914,Significant,0.534239475,-0.904441515,SPENTMEDIUM
1451,_418.207_10.231_C18 H26 N8 O4,0.002767545,0.005141107,Significant,0.791983149,-0.33645836,SPENTMEDIUM
1452,_400.268_7.296_C18 H30 N11 Esi+7.2958055,0.634020241,0.680404164,Nonsignificant,0.950399536,-0.073393964,SPENTMEDIUM
1453,_330.19_9.894_Gln Ala Ile Esi+9.893547,0.17560576,0.222594429,Nonsignificant,0.832710065,-0.264113832,SPENTMEDIUM
1454,_329.195_7.981_Pro Leu Thr Esi+7.9810057,0.380036151,0.435526344,Nonsignificant,1.112981011,0.154428978,KPNGROWT
1455,_544.28_10.218_C24 H42 N5 O7 S,0.317932337,0.371357541,Nonsignificant,0.776779475,-0.364423014,SPENTMEDIUM
1456,_712.412_12.551_PA2264Z7Z10Z13Z16Z19Z1419Z,0.006376731,0.011072088,Significant,0.691560874,-0.532071847,SPENTMEDIUM
1457,_452.271_10.596_452.2711@10.596,0.002041952,0.003884822,Significant,0.569903459,-0.811210545,SPENTMEDIUM
1458,_303.181_9.768_Cycloxydim,1.47850921530705e-07,4.60437642892838e-07,Significant,0.70036252,-0.513826215,SPENTMEDIUM
1459,_598.416_9.947_Arg Ile Val Leu Val,0.614229442,0.660832586,Nonsignificant,1.086229769,0.119329307,KPNGROWT
1460,_399.211_10.101_Val Gln Pro Gly Esi+10.101123,0.028661104,0.043113273,Significant,0.702846966,-0.508717495,SPENTMEDIUM
1461,_316.175_10.326_Ile Ala Asn Esi+10.325552,0.000911274,0.001825123,Significant,0.567747292,-0.816679176,SPENTMEDIUM
1462,_619.271_10.567_C43 H33 N5,0.000121623,0.000276675,Significant,0.729154402,-0.45570375,SPENTMEDIUM
1463,_181.049_10.907_L-2-Amino-4-hydroxymethylphosphinylbutanoate,1.742491778969e-08,5.89233706497147e-08,Significant,0.551908155,-0.857499892,SPENTMEDIUM
1464,_824.951_10.058_C39 H7 N O21,1.40776792885447e-09,5.33747305645892e-09,Significant,0.495809247,-1.012142917,SPENTMEDIUM
1465,_721.344_9.105_C33 H39 N17 O3,5.6381165030291e-14,3.13114198484149e-13,Significant,0.31517316,-1.665783414,SPENTMEDIUM
1466,_415.277_12.846_17-phenyl trinor PGF2? ethyl amide,0.000109544,0.000251619,Significant,0.463069827,-1.110698338,SPENTMEDIUM
1467,_372.237_8.036_Leu Ile Gln Esi+8.035999,0.049577875,0.071203335,Nonsignificant,0.45975158,-1.121073561,SPENTMEDIUM
1468,_250.171_14.223_Hexahomomethionine,0.285959578,0.339417424,Nonsignificant,1.09841084,0.135417768,KPNGROWT
1469,_359.206_9.165_Ile Asp Ile,0.726864965,0.76955788,Nonsignificant,1.072042393,0.100361957,KPNGROWT
1470,_515.29_7.181_Pro Leu Met Arg,0.18422442,0.231103637,Nonsignificant,0.862275188,-0.213779728,SPENTMEDIUM
1471,_358.185_10.667_Pro Lys Asp Esi+10.667492,0.014014351,0.022806828,Significant,0.608152678,-0.717494535,SPENTMEDIUM
1472,_349.128_7.687_Fentrazamide,1.05766985861607e-26,1.67885357408685e-25,Significant,0.663943884,-0.590866783,SPENTMEDIUM
1473,_396.201_7.228_Ser Tyr Lys Esi+7.2280164,0.123827977,0.162581548,Nonsignificant,0.894773886,-0.160404943,SPENTMEDIUM
1474,_370.185_6.8_Thr Pro Pro Gly Esi+6.799992,4.55699692728682e-05,0.000109171,Significant,1.741967705,0.800717877,KPNGROWT
1475,_600.327_8.218_Tyr Tyr Lys Lys,0.000456787,0.000958172,Significant,1.521936242,0.605907922,KPNGROWT
1476,_386.251_8.137_C21 H38 O4 S,0.603545974,0.651315214,Nonsignificant,1.080153022,0.11123571,KPNGROWT
1477,_514.272_10.717_1415-HxA3-D11S,0.01276949,0.021038828,Significant,0.535461103,-0.901146317,SPENTMEDIUM
1478,_1121.551_8.928_1121.5507@8.92835,0.00066984,0.001368635,Significant,0.468006646,-1.095399076,SPENTMEDIUM
1479,_317.16_9.791_Leu Glu Gly Esi+9.791002,2.39277008054738e-06,6.52489995041575e-06,Significant,0.535203322,-0.901841023,SPENTMEDIUM
1480,_685.436_7.84_C38 H69 O4 S3,0.421570199,0.476703781,Nonsignificant,0.815209888,-0.294756544,SPENTMEDIUM
1481,_711.407_8.525_C34 H47 N16 O2,0.695379664,0.7373243,Nonsignificant,1.09191522,0.126860844,KPNGROWT
1482,_356.17_11.309_C16 H36 S4,0.406437364,0.462048249,Nonsignificant,1.129255469,0.1753719,KPNGROWT
1483,_401.142_5.234_C15 H33 N2 O2 S4,0.013038797,0.021432396,Significant,0.523946141,-0.932509576,SPENTMEDIUM
1484,_906.553_12.518_C39 H60 N27,0.125661235,0.164582172,Nonsignificant,1.288293684,0.365461512,KPNGROWT
1485,_411.175_9.336_C17 H33 N O6 S2,8.8342956693433e-05,0.000205137,Significant,0.660723343,-0.59788178,SPENTMEDIUM
1486,_466.278_7.639_C27 H38 N4 O S,0.467322107,0.52260469,Nonsignificant,0.908965853,-0.137701997,SPENTMEDIUM
1487,_379.211_7.557_Tyr Val Val,0.056868907,0.080693906,Nonsignificant,0.743190119,-0.428196774,SPENTMEDIUM
1488,_501.315_8.029_C29 H45 N2 O3 S,0.94444735,0.955680073,Nonsignificant,1.008672075,0.012457222,KPNGROWT
1489,_711.452_7.848_C33 H71 N6 O2 S4,0.604966096,0.652516676,Nonsignificant,0.891732689,-0.16531679,SPENTMEDIUM
1490,_141.115_12.795_3-1-Pyrrolidinyl-2-butanone,0.044364594,0.064280308,Nonsignificant,0.540596047,-0.887377133,SPENTMEDIUM
1491,_539.295_5.213_C31 H43 N2 O4 S,0.250099325,0.302079083,Nonsignificant,0.756545388,-0.402501457,SPENTMEDIUM
1492,_499.228_8.138_C13 H35 N14 O S3,0.346062769,0.400398416,Nonsignificant,0.870711554,-0.199733227,SPENTMEDIUM
1493,_360.183_12.552_Met Pro Pro,0.370050385,0.424311142,Nonsignificant,0.872423948,-0.196898722,SPENTMEDIUM
1494,_777.401_10.845_C33 H43 N23 O,0.614110602,0.660832586,Nonsignificant,0.903464144,-0.146460749,SPENTMEDIUM
1495,_415.201_13.489_L-365260,0.12399771,0.162703966,Nonsignificant,0.74084932,-0.432747949,SPENTMEDIUM
1496,_628.357_7.549_PI20000,0.001631201,0.003145571,Significant,0.481510685,-1.054360283,SPENTMEDIUM
1497,_527.331_7.984_C24 H47 N8 O S2,0.003193263,0.005870415,Significant,1.416719026,0.50255366,KPNGROWT
1498,_299.148_6.252_Pro Ser Pro Esi+6.252412,7.84275510245702e-07,2.26037128765936e-06,Significant,2.578178185,1.366351976,KPNGROWT
1499,_141.081_1.74_C7 H11 N O2,0.651357855,0.696900481,Nonsignificant,1.061400746,0.085969468,KPNGROWT
1500,_439.221_13.114_Parsonsine,0.011553242,0.019183251,Significant,0.503598876,-0.989653033,SPENTMEDIUM
1501,_1078.601_9.614_1078.6012@9.614219,0.812602457,0.84189256,Nonsignificant,1.030902456,0.043907831,KPNGROWT
1502,_964.558_8.349_C39 H60 N30 O,0.111279888,0.147748016,Nonsignificant,1.316196635,0.396375038,KPNGROWT
1503,_492.245_13.012_Methyl lucidenate F,0.417233086,0.472553128,Nonsignificant,1.152312414,0.204531912,KPNGROWT
1504,_441.223_11.056_Thr Ala Thr Lys,0.246130558,0.297962263,Nonsignificant,1.149878146,0.201480985,KPNGROWT
1505,_660.333_10.073_Capsianoside I,0.052151603,0.074497286,Nonsignificant,0.744928643,-0.424825859,SPENTMEDIUM
1506,_757.437_7.737_C37 H53 N14 O4,0.393908366,0.449969438,Nonsignificant,0.913620856,-0.13033251,SPENTMEDIUM
1507,_384.237_9.161_C17 H26 N11 Esi+9.161339,0.775680483,0.813145583,Nonsignificant,1.049304115,0.069432868,KPNGROWT
1508,_802.372_13.437_25-O-Desacetylrifampin,0.001462768,0.002836196,Significant,0.682017479,-0.552119381,SPENTMEDIUM
1509,_489.276_9.579_Thr Val Ile Thr Gly,0.074149446,0.10301494,Nonsignificant,0.641945415,-0.639477466,SPENTMEDIUM
1510,_826.428_7.884_C47 H60 N3 O10,1.0856489421556e-06,3.05851033107943e-06,Significant,1.914249519,0.936778895,KPNGROWT
1511,_523.257_10.953_CAY10502,0.031548282,0.046958149,Significant,0.735382328,-0.443433587,SPENTMEDIUM
1512,_448.199_9.54_Obliquine Esi+9.539993,0.1740715,0.220912936,Nonsignificant,0.790889314,-0.338452293,SPENTMEDIUM
1513,_344.206_9.503_Pro Lys Thr Esi+9.503222,0.08729094,0.119017839,Nonsignificant,0.73672237,-0.440807046,SPENTMEDIUM
1514,_789.406_7.068_C40 H49 N14 O4 Esi+7.0680017,0.003681205,0.006697967,Significant,0.752361823,-0.41050145,SPENTMEDIUM
1515,_517.286_13.379_Arg Glu Leu Thr,0.150268453,0.193592368,Nonsignificant,0.764130412,-0.388109214,SPENTMEDIUM
1516,_593.316_10.312_Arg Gln His His,0.456622412,0.511715422,Nonsignificant,1.150099739,0.201758981,KPNGROWT
1517,_544.283_10.669_2-deoxy-20-hydroxyecdysone 22-phosphate,0.815149154,0.844119889,Nonsignificant,1.094441225,0.13019448,KPNGROWT
1518,_1263.701_10.562_1263.7006@10.562009,1.51250665879254e-11,6.77284560684576e-11,Significant,0.527040838,-0.924013342,SPENTMEDIUM
1519,_515.276_7.84_C15 H37 N11 O9,0.331577516,0.385390917,Nonsignificant,1.190592987,0.251680301,KPNGROWT
1520,_151.1_13.367_2-5-Methyl-2-furanylpyrrolidine,0.00419457,0.007586608,Significant,0.429906956,-1.21790364,SPENTMEDIUM
1521,_416.229_9.588_Ile Glu Gly Val,1.86793636140683e-06,5.15317852232468e-06,Significant,0.613341326,-0.705237934,SPENTMEDIUM
1522,_541.347_7.245_25R-3alpha7alpha-dihydroxy-5beta-cholestan-27-oyl taurine,0.005298152,0.009336512,Significant,0.669969657,-0.577832337,SPENTMEDIUM
1523,_591.29_7.156_C40 H37 N3 O2,0.648799047,0.694512115,Nonsignificant,0.880495317,-0.183612764,SPENTMEDIUM
1524,_745.376_12.97_C32 H39 N23,0.140274929,0.181708145,Nonsignificant,0.710042156,-0.494023413,SPENTMEDIUM
1525,_351.179_8.303_Gly Tyr Ile,1.55616047833339e-05,3.93106097080182e-05,Significant,1.844504065,0.883232969,KPNGROWT
1526,_1099.569_8.509_1099.569@8.509204,0.038366637,0.056086486,Nonsignificant,0.666086682,-0.586218159,SPENTMEDIUM
1527,_408.165_10.37_Gln Asp Phe,0.012049845,0.01994554,Significant,0.549614227,-0.863508746,SPENTMEDIUM
1528,_1313.235_10.23_1313.2351@10.229989,0.000332798,0.000712134,Significant,0.563574782,-0.827321037,SPENTMEDIUM
1529,_455.272_8.172_C19 H43 N4 O4 S2,0.000520958,0.001083164,Significant,1.703655913,0.768633984,KPNGROWT
1530,_403.186_9.442_Gln Ala Trp,1.91446267157119e-07,5.86752464327366e-07,Significant,0.528873398,-0.919005684,SPENTMEDIUM
1531,_210.101_10.257_Aprobarbital Esi+10.257001,1.21818748556953e-12,5.94285500414311e-12,Significant,0.468228032,-1.094716787,SPENTMEDIUM
1532,_633.302_13.937_C30 H33 N16 O,0.090904894,0.123312952,Nonsignificant,0.600738135,-0.735191846,SPENTMEDIUM
1533,_412.207_13.116_AFP 07 free acid,0.041011321,0.059665581,Nonsignificant,0.806939176,-0.309468162,SPENTMEDIUM
1534,_913.439_11.617_C36 H45 N30 O,0.757167921,0.796977539,Nonsignificant,1.066915184,0.093445491,KPNGROWT
1535,_363.182_8.257_Thr Ile Met,0.213636334,0.263422888,Nonsignificant,0.81077104,-0.302633536,SPENTMEDIUM
1536,_752.37_9.169_C31 H40 N22 O2,0.012705516,0.02096558,Significant,0.517562288,-0.950195596,SPENTMEDIUM
1537,_586.31_8.438_PI17000,0.001360517,0.002654881,Significant,0.540255597,-0.888285981,SPENTMEDIUM
1538,_302.159_9.826_Gly Gln Val Esi+9.826499,0.020656507,0.03237759,Significant,0.584614614,-0.774442201,SPENTMEDIUM
1539,_172.121_7.863_C8 H16 N2 O2,0.009245189,0.01560676,Significant,1.494624945,0.579783506,KPNGROWT
1540,_365.195_8.162_Ala Leu Tyr,0.404510217,0.460349508,Nonsignificant,0.832881826,-0.263816283,SPENTMEDIUM
1541,_675.359_9.193_C31 H43 N14 O4,0.011585658,0.01922207,Significant,0.546292684,-0.872253991,SPENTMEDIUM
1542,_546.266_13.257_Canavalioside,0.558197428,0.609489697,Nonsignificant,0.871777204,-0.197968616,SPENTMEDIUM
1543,_501.291_13.317_Fexofenadine Esi+13.317098,0.756524629,0.796977539,Nonsignificant,0.94328706,-0.084231218,SPENTMEDIUM
1544,_309.132_9.643_Gamma-glutamyl-Tyrosine Esi+9.642988,0.368545146,0.42281312,Nonsignificant,1.171861237,0.228801747,KPNGROWT
1545,_382.182_9.74_1210-Trihydroxydihydro-trans-linalyl oxide 7-O-beta-D-glucopyranoside,2.54405312761974e-05,6.29209418889209e-05,Significant,0.395920822,-1.336716151,SPENTMEDIUM
1546,_616.358_7.723_POV-PC,0.352073067,0.405885861,Nonsignificant,0.783829137,-0.351388893,SPENTMEDIUM
1547,_399.194_8.417_Leu His Met,8.05435008920356e-07,2.31821415963951e-06,Significant,0.504305946,-0.987628859,SPENTMEDIUM
1548,_514.239_10.678_Asn Gly Pro Val Glu,5.92883312610581e-25,8.24224056158631e-24,Significant,0.505034131,-0.985547205,SPENTMEDIUM
1549,_401.206_11.013_His Phe Val,5.16501519137111e-06,1.37496712290943e-05,Significant,0.549450369,-0.863938924,SPENTMEDIUM
1550,_515.331_8.012_C21 H37 N15 O,0.023769207,0.036582564,Significant,0.831051364,-0.266990449,SPENTMEDIUM
1551,_316.175_9.626_Ile Ala Asn Esi+9.625881,0.477172691,0.531385505,Nonsignificant,1.132273976,0.179223089,KPNGROWT
1552,_357.155_8.015_Desacetylcolchicine,2.27874278583562e-07,6.90439587674125e-07,Significant,0.389548534,-1.360125011,SPENTMEDIUM
1553,_573.312_12.896_C38 H41 N2 O3,0.211425661,0.261302953,Nonsignificant,0.806260703,-0.310681688,SPENTMEDIUM
1554,_693.407_7.265_C42 H63 N O S3,0.067738751,0.094665127,Nonsignificant,0.794503842,-0.331873898,SPENTMEDIUM
1555,_499.3_8.793_Taurodeoxycholic acid,0.783403761,0.819223106,Nonsignificant,0.960550427,-0.05806674,SPENTMEDIUM
1556,_370.148_9.744_Cellulose microcrystalline,1.02452554440393e-06,2.89782690551485e-06,Significant,0.611662747,-0.709191683,SPENTMEDIUM
1557,_360.201_10.003_Lys Val Asp Esi+10.003431,0.030979315,0.046240704,Significant,0.597230614,-0.743639975,SPENTMEDIUM
1558,_617.303_13.478_C30 H33 N16,0.003613768,0.006580894,Significant,0.446760138,-1.162427627,SPENTMEDIUM
1559,_388.227_9.63_Lys Leu Glu Esi+9.630373,4.38983997560631e-10,1.7617338920971e-09,Significant,0.463234646,-1.110184936,SPENTMEDIUM
1560,_389.231_1.813_Lys Lys Asp,0.31319121,0.36682693,Nonsignificant,0.76955905,-0.377896063,SPENTMEDIUM
1561,_339.19_11.469_His Ala Leu Esi+11.4688015,0.000203924,0.000448085,Significant,0.42158723,-1.246096926,SPENTMEDIUM
1562,_950.512_10.76_3-10-Luteinizing hormone-releasing factor,0.612300001,0.659757903,Nonsignificant,0.89697571,-0.156859177,SPENTMEDIUM
1563,_355.139_9.331_Ser-Lys-OH,0.001787072,0.003430597,Significant,0.508933685,-0.974450411,SPENTMEDIUM
1564,_358.22_9.519_Ile Leu Asn Esi+9.519232,0.03014006,0.04517823,Significant,0.644449639,-0.633860471,SPENTMEDIUM
1565,_777.371_12.311_C56 H47 N3 O,0.245457085,0.297655199,Nonsignificant,0.749570361,-0.415864186,SPENTMEDIUM
1566,_624.324_12.793_Asn Leu Ser Phe Gln,0.006801427,0.011761492,Significant,0.567799376,-0.816546832,SPENTMEDIUM
1567,_708.414_10.033_C39 H66 N O4 S3,8.72488407783319e-10,3.37415062428203e-09,Significant,0.439416338,-1.186339582,SPENTMEDIUM
1568,_585.277_11.944_585.2769@11.944416,0.013929625,0.022703687,Significant,0.621889816,-0.685269103,SPENTMEDIUM
1569,_290.166_14.284_Sempervirine,0.840476144,0.865291751,Nonsignificant,0.959822087,-0.059161082,SPENTMEDIUM
1570,_500.212_8.884_C22 H36 N4 O5 S2,8.97673401744728e-09,3.13522385141385e-08,Significant,0.265553317,-1.912926545,SPENTMEDIUM
1571,_324.14_14.251_Gly Gln Val Esi+14.251004,0.085297308,0.116673553,Nonsignificant,0.687414655,-0.540747485,SPENTMEDIUM
1572,_402.226_7.256_Val Val Trp,2.18719396735359e-14,1.2641743392829e-13,Significant,0.59567006,-0.747414649,SPENTMEDIUM
1573,_357.166_10.926_Thr His Thr,0.021966757,0.034161841,Significant,0.648769608,-0.624221858,SPENTMEDIUM
1574,_314.195_10.921_Ala Pro Lys Esi+10.921001,0.001079355,0.002133631,Significant,0.416389099,-1.263995794,SPENTMEDIUM
1575,_1006.544_10.006_1006.5439@10.005997,0.439446467,0.494813465,Nonsignificant,0.887494168,-0.172190456,SPENTMEDIUM
1576,_394.186_9.343_Clindamycose,0.014253926,0.0231558,Significant,0.543578205,-0.879440484,SPENTMEDIUM
1577,_491.238_9.521_C14 H39 N10 O3 S3,1.50830207994118e-08,5.12485387226022e-08,Significant,0.516563795,-0.952981563,SPENTMEDIUM
1578,_430.277_7.166_C21 H34 N8 O2,0.029419256,0.044160191,Significant,0.572728776,-0.804076002,SPENTMEDIUM
1579,_343.174_6.737_Pro Asp Ile Esi+6.737,0.163369322,0.208325268,Nonsignificant,1.279087669,0.35511515,KPNGROWT
1580,_764.479_9.197_PIP-1601419Z,0.053612082,0.076378365,Nonsignificant,0.65405136,-0.612524165,SPENTMEDIUM
1581,_471.303_7.97_C13 H39 N14 O3 S,2.51779962363983e-07,7.58549546668827e-07,Significant,2.560876287,1.35663756,KPNGROWT
1582,_331.175_9.697_Asp Val Val Esi+9.696936,0.228848383,0.279586738,Nonsignificant,0.88927204,-0.169303269,SPENTMEDIUM
1583,_569.278_7.992_PS2264Z7Z10Z13Z16Z19Z00,0.64211598,0.687704275,Nonsignificant,1.108679237,0.148842025,KPNGROWT
1584,_413.192_10.752_Asn Pro Ser Pro,0.557629634,0.60918245,Nonsignificant,1.041839663,0.059133268,KPNGROWT
1585,_297.174_14.199_Gly Lys Lys Gln Leu,0.009330964,0.015726592,Significant,0.599387543,-0.738438994,SPENTMEDIUM
1586,_505.254_9.616_C21 H37 N4 O10,3.35264395820551e-08,1.09372295998514e-07,Significant,0.496636958,-1.009736468,SPENTMEDIUM
1587,_993.444_10.247_C46 H47 N27 O,0.147952021,0.190839266,Nonsignificant,0.735896641,-0.442424945,SPENTMEDIUM
1588,_365.193_7.523_Ala Leu Tyr Esi+7.5229983,0.0209555,0.03272566,Significant,0.605625108,-0.723503077,SPENTMEDIUM
1589,_317.159_9.606_Leu Glu Gly Esi+9.605663,8.31914082579057e-07,2.38153600759846e-06,Significant,0.51761094,-0.950059985,SPENTMEDIUM
1590,_763.362_11.92_C45 H41 N13,0.028420376,0.042811714,Significant,0.686021981,-0.543673291,SPENTMEDIUM
1591,_556.287_10.867_Phe Gly Arg Arg,0.548529025,0.600783335,Nonsignificant,0.871473483,-0.198471328,SPENTMEDIUM
1592,_783.448_10.355_C47 H57 N7 O4,0.002322993,0.004388106,Significant,0.468629307,-1.093480915,SPENTMEDIUM
1593,_522.747_13.132_522.7466@13.131996,0.117614956,0.1555765,Nonsignificant,0.689465047,-0.536450679,SPENTMEDIUM
1594,_413.227_9.804_C17 H25 N12 O,3.22477625322929e-15,2.03534097644472e-14,Significant,0.115155462,-3.11834525,SPENTMEDIUM
1595,_347.188_7.723_Cys Ile Leu,0.245349721,0.297655199,Nonsignificant,0.745411539,-0.423890942,SPENTMEDIUM
1596,_319.174_10.12_Val Thr Thr Esi+10.119615,2.61961541875057e-23,3.16586477027412e-22,Significant,0.473136202,-1.079672541,SPENTMEDIUM
1597,_527.241_6.519_C22 H31 N12 O2 S,0.015099257,0.024367313,Significant,0.589762229,-0.761794666,SPENTMEDIUM
1598,_486.277_13.404_Pristimerin,0.347607646,0.401705077,Nonsignificant,0.810039295,-0.3039362,SPENTMEDIUM
1599,_946.424_12.434_C37 H46 N28 O4,0.083043535,0.114060801,Nonsignificant,0.73876926,-0.436804257,SPENTMEDIUM
1600,_388.179_9.609_C17 H32 N4 S3,3.74765726025052e-11,1.61688985650159e-10,Significant,0.444018283,-1.171309012,SPENTMEDIUM
1601,_519.29_9.976_C31 H41 N3 O2 S,5.10979893429253e-06,1.36197272346368e-05,Significant,0.524400931,-0.931257849,SPENTMEDIUM
1602,_439.206_8.255_C18 H39 N4 S4,0.278870408,0.333047365,Nonsignificant,0.801879423,-0.318542777,SPENTMEDIUM
1603,_434.217_9.551_C14 H30 N10 O4 S,0.025273109,0.038534698,Significant,0.666549935,-0.585215135,SPENTMEDIUM
1604,_335.181_8.339_C16 H25 N5 O S,0.024508084,0.037583774,Significant,0.543489566,-0.879675757,SPENTMEDIUM
1605,_1051.088_10.005_1051.0881@10.005003,0.037393254,0.054927797,Nonsignificant,0.652491974,-0.61596794,SPENTMEDIUM
1606,_677.34_12.309_C26 H57 N6 O8 S3,0.025152913,0.038380497,Significant,0.604898887,-0.72523409,SPENTMEDIUM
1607,_415.242_9.441_C32 H31,0.400436854,0.456202029,Nonsignificant,0.859383427,-0.218626139,SPENTMEDIUM
1608,_539.286_10.414_C23 H45 N3 O9 S,0.319307126,0.372554173,Nonsignificant,1.222045057,0.289297479,KPNGROWT
1609,_453.257_9.337_Gln Pro Pro Leu,0.002817971,0.005221101,Significant,0.606338427,-0.721804838,SPENTMEDIUM
1610,_432.239_7.436_Ala Leu Val Met,0.120637133,0.159079468,Nonsignificant,0.726943242,-0.460085369,SPENTMEDIUM
1611,_356.169_8.766_Ser Pro Pro Gly,0.002978253,0.005494141,Significant,0.545937784,-0.873191546,SPENTMEDIUM
1612,_819.303_9.139_C32 H59 N4 O12 S4,0.258095753,0.310854851,Nonsignificant,0.807594309,-0.308297351,SPENTMEDIUM
1613,_402.248_8.601_Merodesmosine,4.49432920322805e-11,1.93119963944769e-10,Significant,0.63912194,-0.645836881,SPENTMEDIUM
1614,_424.242_10.98_Leu Val His Gly,0.0051521,0.009132096,Significant,0.469306991,-1.091396144,SPENTMEDIUM
1615,_271.117_8.028_C11 H17 N3 O5,0.00109844,0.002165321,Significant,0.40792242,-1.293633292,SPENTMEDIUM
1616,_195.074_8.294_2-Phenyl-13-propanediyl monocarbamate,0.043433996,0.062974853,Nonsignificant,0.640825331,-0.641996918,SPENTMEDIUM
1617,_443.203_11.518_Ancistrotectorine,0.810270121,0.840294757,Nonsignificant,1.049810961,0.070129566,KPNGROWT
1618,_901.455_9.507_C42 H69 N12 O2 S4,0.567053472,0.617258309,Nonsignificant,0.864314738,-0.210371334,SPENTMEDIUM
1619,_989.522_7.981_C43 H89 O18 S3,0.037688068,0.055246396,Nonsignificant,0.651848892,-0.617390528,SPENTMEDIUM
1620,_473.282_9.356_C20 H41 N8 O S2,0.09082626,0.123284911,Nonsignificant,0.626071289,-0.675601153,SPENTMEDIUM
1621,_528.293_9.535_C15 H34 N19 O S,0.073270507,0.101926991,Nonsignificant,0.692102392,-0.530942605,SPENTMEDIUM
1622,_556.285_11.147_His Asn Asn Arg,0.004303732,0.00776424,Significant,0.592901114,-0.754136588,SPENTMEDIUM
1623,_430.243_9.273_Ala Leu Asp Leu Esi+9.273003,0.075918223,0.105060546,Nonsignificant,0.681148038,-0.553959713,SPENTMEDIUM
1624,_524.292_9.349_Gly His Arg Arg,0.017397141,0.027738919,Significant,0.60044891,-0.735886598,SPENTMEDIUM
1625,_542.343_7.559_C24 H40 N13 O2,0.137147575,0.17798224,Nonsignificant,0.696990318,-0.52078948,SPENTMEDIUM
1626,_386.252_7.622_C24 H36 N O S,0.000950687,0.001896914,Significant,0.502374089,-0.993166039,SPENTMEDIUM
1627,_323.148_9.438_Ser Ala Phe,0.002010175,0.003834657,Significant,0.614521124,-0.70246549,SPENTMEDIUM
1628,_804.345_8.279_C34 H66 N3 O8 S5,0.02535337,0.038629383,Significant,0.527910062,-0.921635931,SPENTMEDIUM
1629,_882.446_7.223_C36 H50 N24 O4,0.009361892,0.015766227,Significant,0.552333248,-0.856389121,SPENTMEDIUM
1630,_431.238_9.564_C11 H33 N11 O5 S,0.829555146,0.856535823,Nonsignificant,1.041995153,0.059348567,KPNGROWT
1631,_415.241_9.604_C18 H33 N5 O6,0.322637308,0.376233308,Nonsignificant,0.787844949,-0.344016365,SPENTMEDIUM
1632,_188.116_9.183_Valyl-Alanine Esi+9.183,0.032089677,0.047663927,Significant,0.440964888,-1.18126431,SPENTMEDIUM
1633,_374.193_7.641_Leu Trp Gly,0.189548385,0.236879797,Nonsignificant,0.712975901,-0.488074781,SPENTMEDIUM
1634,_424.243_10.771_C17 H38 N5 O3 S2,0.017820008,0.028328219,Significant,0.513285428,-0.962166791,SPENTMEDIUM
1635,_1321.726_9.597_1321.726@9.596994,0.000766332,0.001555333,Significant,0.49198066,-1.023326491,SPENTMEDIUM
1636,_157.053_7.49_1-Nitrosonaphthalene,2.20071825264936e-05,5.46837350862755e-05,Significant,0.344675618,-1.536688846,SPENTMEDIUM
1637,_515.331_7.61_C23 H39 N12 O2,0.28336662,0.337024344,Nonsignificant,0.789491467,-0.341004421,SPENTMEDIUM
1638,_427.171_9.88_Phe Asp Phe,0.000409355,0.000862933,Significant,0.536327681,-0.898813379,SPENTMEDIUM
1639,_418.245_9.592_CPA1819Z,0.000549647,0.001135048,Significant,0.605859622,-0.722944535,SPENTMEDIUM
1640,_319.157_8.225_Garcinia lactone dibutyl ester Esi+8.22462,0.010041206,0.016830295,Significant,0.656561435,-0.606998083,SPENTMEDIUM
1641,_722.43_9.907_C40 H68 N O4 S3,4.42625140104598e-05,0.0001065,Significant,0.536895439,-0.897286945,SPENTMEDIUM
1642,_308.105_1.449_Glyinflanin H,0.277841568,0.332458626,Nonsignificant,0.89068812,-0.167007744,SPENTMEDIUM
1643,_145.11_8.807_L-Alanine n-butyl ester,1.21844003786923e-29,2.67177521705963e-28,Significant,0.634572485,-0.656143127,SPENTMEDIUM
1644,_150.08_1.844_4-Methylbenzamide oxime,4.05203975212993e-17,3.01352746600712e-16,Significant,1.131833625,0.178661903,KPNGROWT
1645,_149.07_2.597_7-Methyladenine,0.0305793,0.045739924,Significant,2.90172456,1.536910581,KPNGROWT
1646,_162.032_1.409_4-Hydroxycoumarin,2.07869136893048e-07,6.33435034629676e-07,Significant,0.647434499,-0.627193853,SPENTMEDIUM
1647,_274.128_10.398_Ala Ala Asn,0.745261105,0.786685047,Nonsignificant,1.011521676,0.016527235,KPNGROWT
1648,_259.153_9.497_Gamma-glutamyl-Leucine Esi+9.497198,0.014501378,0.023509475,Significant,0.735163878,-0.443862213,SPENTMEDIUM
1649,_230.089_5.732_Pro Asp,3.34150024032313e-05,8.16001264198312e-05,Significant,1.153345827,0.205825165,KPNGROWT
1650,_444.27_13.201_AL 8810 isopropyl ester,0.039362081,0.057462695,Nonsignificant,0.599346716,-0.738537265,SPENTMEDIUM
1651,_365.177_3.796_NN-Didesmethyltamoxifen,0.290203146,0.343878602,Nonsignificant,1.165815571,0.221339576,KPNGROWT
1652,_317.158_12.729_Ala Asp Ile Esi+12.729002,2.57742140565628e-12,1.21826118440687e-11,Significant,3.21479363,1.684726129,KPNGROWT
1653,_524.332_12.226_C39 H42 N,0.021769279,0.033946668,Significant,1.292400741,0.370053483,KPNGROWT
1654,_579.296_7.89_p-Hydroxyfosinopril,0.331128121,0.385289668,Nonsignificant,1.254432601,0.327034958,KPNGROWT
1655,_183.042_5.519_C5 H5 N5 O3,0.491923522,0.545747912,Nonsignificant,1.404049783,0.489594089,KPNGROWT
1656,_193.11_6.383_2-Methoxymethcathinone,0.202615185,0.251730431,Nonsignificant,1.142073367,0.191655332,KPNGROWT
1657,_190.147_2.569_C12 H18 N2,1.87648572887864e-05,4.71226109247327e-05,Significant,1.339303159,0.42148256,KPNGROWT
1658,_490.224_7.571_Glimepiride,0.776752205,0.813867951,Nonsignificant,1.017338089,0.024799206,KPNGROWT
1659,_196.083_2.823_C7 H18 N O S2,1.10801704923984e-08,3.8321175020051e-08,Significant,1.215082453,0.281054216,KPNGROWT
1660,_195.051_2.461_3-methyl-2-nitrophenyl acetate,1.27563610866567e-08,4.35518138544444e-08,Significant,2.936115817,1.553908878,KPNGROWT
1661,_104.062_2.928_Styrene Esi+2.9282334,8.32426462516128e-29,1.60961007797437e-27,Significant,2.942252328,1.556920978,KPNGROWT
1662,_301.2_7.519_Ala Ile Val Esi+7.518504,2.23870987721125e-09,8.28127984144058e-09,Significant,3.050653681,1.60911841,KPNGROWT
1663,_151.025_7.588_6-Imino-5-oxocyclohexa-13-dienecarboxylate,9.46978383133845e-16,6.29444694039278e-15,Significant,0.618341104,-0.693525183,SPENTMEDIUM
1664,_388.244_11.981_Lys Lys Asn,0.005817922,0.010176579,Significant,0.841257976,-0.249379817,SPENTMEDIUM
1665,_137.07_5.703_C4 H11 N O4,0.791855781,0.826436333,Nonsignificant,0.989715375,-0.014914405,SPENTMEDIUM
1666,_169.074_3.881_Norepinephrine noradrenaline Esi+3.8810039,9.04714411272657e-14,4.94685746215152e-13,Significant,9.230225135,3.206365837,KPNGROWT
1667,_300.122_7.918_4-Methoxybenzyl glucoside Esi+7.9180036,0.000388307,0.000822638,Significant,0.598942419,-0.739510782,SPENTMEDIUM
1668,_157.033_8.576_C7 H9 O2 S,1.03624127481305e-09,3.97849312550064e-09,Significant,0.712390419,-0.489259981,SPENTMEDIUM
1669,_306.146_1.462_Achillicin,0.094977332,0.128020777,Nonsignificant,1.170012553,0.226524009,KPNGROWT
1670,_413.227_10.152_C17 H33 N8 S2 Esi+10.1523905,1.10801669634415e-05,2.84631825256522e-05,Significant,2.911256121,1.541641768,KPNGROWT
1671,_261.09_4.397_Mebendazole metabolite 1H-Benzimidazole-5-methanol 2-amino-a-phenyl-,8.52779848594623e-12,3.89240930892868e-11,Significant,2.885672689,1.52890767,KPNGROWT
1672,_182.068_4.182_C8 H10 N2 O3,0.024139169,0.037044742,Significant,1.14911229,0.200519783,KPNGROWT
1673,_490.225_7.298_Glimepiride Esi+7.298002,0.162021173,0.207102785,Nonsignificant,0.767233243,-0.382262863,SPENTMEDIUM
1674,_118.042_1.429_xi-23-Octadiene-57-diyn-1-ol Esi+1.4289978,0.025058226,0.038316929,Significant,0.85016085,-0.23419227,SPENTMEDIUM
1675,_222.152_14.302_C10 H24 N O2 S,0.000171352,0.000380048,Significant,1.360227202,0.443847649,KPNGROWT
1676,_320.125_5.397_D-Fructosazine,3.82341435884625e-05,9.28356431651366e-05,Significant,2.491685743,1.317122124,KPNGROWT
1677,_167.07_11.817_S-Spinacine,0.013780733,0.022530068,Significant,1.335172458,0.4170261,KPNGROWT
1678,_686.364_3.41_C33 H44 N13 O4,0.076112145,0.105255086,Nonsignificant,0.67578255,-0.565368997,SPENTMEDIUM
1679,_236.08_7.876_NN-Dihydroxy-L-tryptophan,6.29013996754689e-05,0.000148822,Significant,1.057700631,0.080931349,KPNGROWT
1680,_460.264_7.759_Ile Ser Asn Lys,7.30677821625519e-05,0.000171351,Significant,2.652418871,1.407308625,KPNGROWT
1681,_711.407_8.162_Pro Phe Tyr Leu Arg Esi+8.161991,0.00567404,0.00995766,Significant,0.747831318,-0.419215205,SPENTMEDIUM
1682,_180.09_2.221_S-3-Ethylidenehexahydropyrrolo12-apyrazine-14-dione,0.926065664,0.939762246,Nonsignificant,1.02073215,0.029604338,KPNGROWT
1683,_287.22_12.841_C14 H29 N3 O3,5.16947889815043e-35,1.69161255636399e-33,Significant,0.758083104,-0.399572084,SPENTMEDIUM
1684,_145.053_1.561_4-Formyl Indole Esi+1.560627,0.446119691,0.501266024,Nonsignificant,0.923370872,-0.115017872,SPENTMEDIUM
1685,_335.152_10.843_Val Ser Met,1.29687352296297e-19,1.15416317294654e-18,Significant,0.635940891,-0.653035417,SPENTMEDIUM
1686,_145.053_7.831_4-Formyl Indole Esi+7.8308973,0.000119415,0.000272231,Significant,1.904219196,0.929199558,KPNGROWT
1687,_139.059_5.614_C8 H11 S,0.000175696,0.000389277,Significant,2.121033249,1.084767237,KPNGROWT
1688,_152.071_1.815_C8 H10 N O2,8.87716268104389e-08,2.80560550112635e-07,Significant,0.297031105,-1.751314078,SPENTMEDIUM
1689,_135.054_5.67_+-threo-2-Amino-34-dihydroxybutanoic acid,0.00061177,0.001256017,Significant,1.709894682,0.773907468,KPNGROWT
1690,_181.074_2.651_Meta-Tyrosine Esi+2.6513298,0.766843102,0.805469273,Nonsignificant,1.059326615,0.083147474,KPNGROWT
1691,_523.27_9.35_p-Hydroxyfosinoprilat,1.6936894768248e-18,1.40721778015873e-17,Significant,0.706894036,-0.500434126,SPENTMEDIUM
1692,_212.065_5.768_C6 H8 N6 O3,7.172598305367e-07,2.07566212183886e-06,Significant,1.19260727,0.254119036,KPNGROWT
1693,_197.051_8.791_N-4-hydroxyphenylethoxycarbothioamide,0.020068107,0.031525011,Significant,1.113311243,0.154856977,KPNGROWT
1694,_136.024_5.714_C3 H6 N O5,1.3204986851982e-09,5.01553697038674e-09,Significant,3.966743266,1.987955027,KPNGROWT
1695,_275.101_5.014_Ethenodeoxyadenosine,5.87709092884844e-06,1.55673379896147e-05,Significant,2.478299474,1.309350531,KPNGROWT
1696,_630.269_12.356_Brassica napus non-fluorescent chlorophyll catabolite 3,1.09668903237145e-17,8.48239117037846e-17,Significant,0.719775445,-0.474381209,SPENTMEDIUM
1697,_387.248_12.874_N-linoleoyl taurine,2.79392148800031e-05,6.88606141943993e-05,Significant,1.565212347,0.646358396,KPNGROWT
1698,_210.08_1.475_2-Aminoacridone,0.096078214,0.129340735,Nonsignificant,1.221718094,0.288911428,KPNGROWT
1699,_193.094_5.599_C7 H15 N O5,1.603572561571e-08,5.43987055576e-08,Significant,0.487158753,-1.037536108,SPENTMEDIUM
1700,_195.089_2.467_Captopril Esi+2.466503,0.13691533,0.177789321,Nonsignificant,0.811286491,-0.301716628,SPENTMEDIUM
1701,_208.121_6.73_4-Dimethylamino-L-phenylalanine Esi+6.730238,0.416639415,0.472132145,Nonsignificant,1.186257593,0.246417321,KPNGROWT
1702,_264.147_7.317_Valyl-Phenylalanine,1.38099321625032e-23,1.7177617374061e-22,Significant,0.168971545,-2.56514778,SPENTMEDIUM
1703,_138.079_1.91_2-Methoxy-35-dimethylpyrimidine Esi+1.910003,5.25605062216135e-10,2.08574993905545e-09,Significant,2.071202305,1.050468476,KPNGROWT
1704,_243.158_12.221_1?-hydroxy-22-3-1-hydroxy-1-methylethylphenyl-2324252627-pentanorvitamin D3  1?-hydroxy-22-3-1-hydroxy-1-methylethylphenyl-2324252627-pentanorcholecalciferol,0.480765083,0.53482601,Nonsignificant,1.179760964,0.238494579,KPNGROWT
1705,_175.085_9.764_Calystegine B5,0.000573196,0.00118024,Significant,0.787268196,-0.345072897,SPENTMEDIUM
1706,_377.314_1.483_C19 H37 N8,7.3669710793398e-15,4.47701356735879e-14,Significant,6.446571829,2.688532165,KPNGROWT
1707,_375.201_5.674_Mammea BAC,2.74412969996258e-12,1.29418267667858e-11,Significant,3.637902248,1.863106778,KPNGROWT
1708,_355.247_1.894_C18 H33 N3 O4,1.75587912296357e-40,1.43644419020904e-38,Significant,0.622372122,-0.684150656,SPENTMEDIUM
1709,_170.106_6.889_3xi6xi-Cycloalanylvalyl,7.0674767837488e-09,2.47652769671066e-08,Significant,0.8362566,-0.257982403,SPENTMEDIUM
1710,_476.231_9.954_C28 H32 N2 O5,0.000619067,0.001269774,Significant,0.950311212,-0.073528044,SPENTMEDIUM
1711,_163.063_8.378_Pyridostigmine Esi+8.378023,0.000813267,0.001644316,Significant,1.383325516,0.468140683,KPNGROWT
1712,_625.322_2.584_Rhizoxin,4.94861834233513e-12,2.30827000310237e-11,Significant,2.803814813,1.487391065,KPNGROWT
1713,_110.035_5.319_2-Acetylfuran,0.985764469,0.987723883,Nonsignificant,0.996563707,-0.00496606,SPENTMEDIUM
1714,_594.786_8.922_594.7864@8.922003,2.73490727943603e-05,6.74843130320236e-05,Significant,0.850863736,-0.232999989,SPENTMEDIUM
1715,_649.313_14.422_C22 H47 N7 O15,1.48589718233148e-09,5.62367136444671e-09,Significant,3.970149397,1.989193297,KPNGROWT
1716,_609.279_12.285_Glu Ile Trp Tyr,0.95613071,0.965664777,Nonsignificant,1.009741817,0.013986454,KPNGROWT
1717,_402.248_8.437_Merodesmosine Esi+8.437007,0.004987254,0.008876895,Significant,0.767877434,-0.381052044,SPENTMEDIUM
1718,_299.113_9.996_3-Deaminofusarochromanone,3.35181893520482e-06,9.02445427238058e-06,Significant,3.048418075,1.608060775,KPNGROWT
1719,_226.132_8.356_Pilocarpic acid Esi+8.3564005,1.11455510503974e-07,3.49139721416721e-07,Significant,2.822630203,1.497040132,KPNGROWT
1720,_245.174_12.088_Valyl-Lysine Esi+12.087894,0.184446767,0.231183426,Nonsignificant,1.129537275,0.175731881,KPNGROWT
1721,_315.179_9.515_Iso-Olomoucine,1.74996255145253e-06,4.8465759725775e-06,Significant,3.811025209,1.930179151,KPNGROWT
1722,_267.122_6.557_Gamma-glutamyl-Valine Esi+6.5570054,0.000158774,0.000355113,Significant,1.397746675,0.483102913,KPNGROWT
1723,_264.084_7.309_SS-Np-Histidinylalanine Esi+7.309003,2.80436500777622e-12,1.31966468396903e-11,Significant,3.87802382,1.955321665,KPNGROWT
1724,_549.327_7.155_Leu Arg Tyr Val,3.05010799617042e-11,1.32942207128166e-10,Significant,1.689917449,0.756952774,KPNGROWT
1725,_198.062_6.801_Clavaminic acid,0.270294904,0.324445407,Nonsignificant,1.23675645,0.306561424,KPNGROWT
1726,_224.118_6.7_Nigellicine Esi+6.70001,4.2260772068882e-05,0.00010203,Significant,1.106177571,0.145582995,KPNGROWT
1727,_218.127_9.358_Pantothenamide,7.14778055179106e-05,0.000167993,Significant,0.46220142,-1.113406403,SPENTMEDIUM
1728,_1100.601_9.54_1100.601@9.539583,0.00013551,0.000305006,Significant,0.541082198,-0.886080319,SPENTMEDIUM
1729,_264.115_10.69_Cinnamyl cinnamate,2.56244310386168e-11,1.12377659420903e-10,Significant,0.204221089,-2.291796243,SPENTMEDIUM
1730,_728.022_13.881_C26 H18 N O24,1.16015405997297e-05,2.97665583300665e-05,Significant,3.466170251,1.793342518,KPNGROWT
1731,_566.214_1.933_10-Deacetylbaccatin III,0.018051363,0.028631804,Significant,1.230409151,0.299138138,KPNGROWT
1732,_104.062_7.193_Styrene Esi+7.192994,0.030768827,0.045958775,Significant,1.463619341,0.549540386,KPNGROWT
1733,_141.118_1.595_3-1-Pyrrolidinyl-2-butanone Esi+1.5945002,0.670212987,0.713842275,Nonsignificant,0.910617227,-0.135083342,SPENTMEDIUM
1734,_181.075_8.217_Meta-Tyrosine Esi+8.217002,4.74314781565422e-06,1.2658312928352e-05,Significant,3.136030392,1.648939541,KPNGROWT
1735,_391.366_1.369_C23 H45 N5,3.7815604027733e-10,1.52915950127354e-09,Significant,0.64150071,-0.640477233,SPENTMEDIUM
1736,_888.473_5.656_Alliofuroside A,0.404371266,0.460349508,Nonsignificant,0.888111964,-0.171186526,SPENTMEDIUM
1737,_848.424_11.032_C26 H54 N23 O8 S,0.056120138,0.079737831,Nonsignificant,0.590357828,-0.760338427,SPENTMEDIUM
1738,_339.216_1.729_C17 H29 N3 O4,1.22822198617805e-06,3.43740547973778e-06,Significant,3.034175282,1.601304431,KPNGROWT
1739,_1099.569_8.965_1099.569@8.964721,2.19208253500306e-05,5.45328602567428e-05,Significant,1.959490144,0.970478317,KPNGROWT
1740,_212.117_2.269_Butethal Esi+2.2691243,0.18483514,0.231533771,Nonsignificant,1.52866137,0.612268855,KPNGROWT
1741,_547.3_8.247_C24 H33 N15 O,0.014261447,0.0231558,Significant,1.679887214,0.748364375,KPNGROWT
1742,_389.182_10.08_His His Pro,0.000472831,0.000989873,Significant,0.769675798,-0.377677211,SPENTMEDIUM
1743,_240.09_1.719_ethyl 2-cyano-3-1h-indol-3-ylprop-2-enoate,0.002098472,0.003985223,Significant,1.973855646,0.981016485,KPNGROWT
1744,_174.101_9.683_Valyl-Glycine,7.21447647241292e-05,0.000169373,Significant,0.528496097,-0.920035278,SPENTMEDIUM
1745,_1092.033_13.883_1092.0334@13.883021,3.38539097023375e-08,1.10102853114483e-07,Significant,1.617252039,0.693544532,KPNGROWT
1746,_424.268_2.7_C19 H34 N7 O4,1.05357059190597e-14,6.31252013798311e-14,Significant,4.189975346,2.066941755,KPNGROWT
1747,_227.077_5.727_C8 H19 O3 S2,1.60252985824003e-06,4.44404303582339e-06,Significant,0.791529426,-0.337285109,SPENTMEDIUM
1748,_707.759_8.964_707.7594@8.963991,0.024829653,0.038022082,Significant,1.194988084,0.256996232,KPNGROWT
1749,_149.059_6.371_C7 H7 N3 O,0.903937571,0.922588874,Nonsignificant,1.025868378,0.036845641,KPNGROWT
1750,_473.286_12.354_Thr Ile Ile Gln,0.962321951,0.969156624,Nonsignificant,0.994562147,-0.007866571,SPENTMEDIUM
1751,_109.053_6.053_2-Methylthioethanol,0.1874209,0.23449662,Nonsignificant,0.844166442,-0.244400615,SPENTMEDIUM
1752,_241.161_13.395_PC70O-80,5.57163104983579e-07,1.63460127489665e-06,Significant,0.73340652,-0.447315003,SPENTMEDIUM
1753,_216.108_6.328_Sakacin P,0.481680944,0.53556475,Nonsignificant,1.072725702,0.101281223,KPNGROWT
1754,_341.231_1.922_Diprotin A Esi+1.9219979,2.91363596262135e-16,2.03858674095251e-15,Significant,0.557088649,-0.844021175,SPENTMEDIUM
1755,_464.194_11.716_Cyflumetofen,4.55778101406676e-05,0.000109171,Significant,1.79245221,0.841934654,KPNGROWT
1756,_535.264_9.737_Arg His Ser His,0.653320747,0.697947378,Nonsignificant,1.039160573,0.055418599,KPNGROWT
1757,_399.204_9.472_Pro Gly Ile Asn,0.148843312,0.19187256,Nonsignificant,1.19711825,0.259565668,KPNGROWT
1758,_294.104_2.977_Distichonic acid B,0.537348184,0.591277593,Nonsignificant,1.031890214,0.045289487,KPNGROWT
1759,_243.159_12.751_Prolyl-Lysine Esi+12.750991,0.744931824,0.786685047,Nonsignificant,0.951890475,-0.071132508,SPENTMEDIUM
1760,_485.257_10.216_C32 H31 N5,0.000725138,0.001474539,Significant,0.466780516,-1.099183751,SPENTMEDIUM
1761,_220.111_1.423_Ethyl 2-benzylacetoacetate,0.227308779,0.277881482,Nonsignificant,0.820010937,-0.286284942,SPENTMEDIUM
1762,_693.313_9.618_C31 H44 N13 O2 S2,0.000214428,0.000469711,Significant,2.831259337,1.501443903,KPNGROWT
1763,_330.154_11.8_Pro Ser Gln Esi+11.800002,2.17661140707057e-13,1.15165484150227e-12,Significant,0.566877009,-0.818892336,SPENTMEDIUM
1764,_108.094_1.454_4-Vinylcyclohexene,0.283468054,0.337024344,Nonsignificant,0.843799519,-0.24502783,SPENTMEDIUM
1765,_711.303_1.457_C36 H35 N14 O3,0.085117861,0.116503019,Nonsignificant,0.74997049,-0.415094266,SPENTMEDIUM
1766,_515.306_13.254_Tiamulin,0.797490941,0.829874379,Nonsignificant,0.937007644,-0.093867278,SPENTMEDIUM
1767,_521.216_11.625_Asp Glu Lys Met,0.398478922,0.454702075,Nonsignificant,1.119686197,0.16309446,KPNGROWT
1768,_998.983_14.007_C35 H15 N6 O30,0.003046487,0.005615146,Significant,1.891624624,0.919625827,KPNGROWT
1769,_444.236_14.278_Lys Leu Tyr,0.000191656,0.000423754,Significant,1.438992125,0.525058697,KPNGROWT
1770,_230.075_3.338_Benzanthrone Esi+3.3375409,0.574850241,0.624786134,Nonsignificant,0.872974407,-0.195988735,SPENTMEDIUM
1771,_500.186_5.173_Thr His Glu Asp,2.20464414854483e-23,2.6795874879742e-22,Significant,0.584105231,-0.77569979,SPENTMEDIUM
1772,_283.155_1.777_67-Dihydro-4-hydroxymethyl-2-p-hydroxyphenethyl-7-methyl-5H-2-pyrindinium,0.021866685,0.034073582,Significant,0.872900683,-0.196110579,SPENTMEDIUM
1773,_573.306_8.917_PS2247Z10Z13Z16Z00,1.37082111714811e-07,4.28155141875777e-07,Significant,0.644532231,-0.633675589,SPENTMEDIUM
1774,_220.107_10.186_Threoninyl-Threonine,0.040042352,0.058415695,Nonsignificant,0.805142819,-0.312683378,SPENTMEDIUM
1775,_369.201_12.183_Thr His Ile,6.25514580736922e-07,1.82506106066863e-06,Significant,0.362794808,-1.462774287,SPENTMEDIUM
1776,_389.162_2_C15 H21 N10 O S,0.230600934,0.281129245,Nonsignificant,1.232667454,0.301783645,KPNGROWT
1777,_652.354_10.709_Metocurine,0.00082154,0.001655542,Significant,1.739988837,0.79907805,KPNGROWT
1778,_153.063_5.68_FAPy-adenine,0.004542931,0.008181892,Significant,1.360503598,0.444140772,KPNGROWT
1779,_164.095_1.706_2-12-Diamino-1-propenylphenol Esi+1.7059999,0.67825486,0.72060344,Nonsignificant,1.094818191,0.130691311,KPNGROWT
1780,_587.341_8.82_C26 H37 N17,0.004595504,0.008262584,Significant,1.582112354,0.661852057,KPNGROWT
1781,_120.077_1.705_C3 H10 N3 O2,0.061985794,0.086968195,Nonsignificant,0.726663987,-0.460639686,SPENTMEDIUM
1782,_547.3_8.021_C20 H49 N7 O4 S3,0.002750115,0.005113195,Significant,0.537570799,-0.895473321,SPENTMEDIUM
1783,_684.359_7.252_C49 H48 O3,0.27880786,0.333047365,Nonsignificant,1.111196243,0.152113627,KPNGROWT
1784,_504.2_7.962_Cyproheptadine glucuronide,7.45085701973639e-05,0.000174537,Significant,0.54722836,-0.869785096,SPENTMEDIUM
1785,_192.126_3.968_CAY10568,0.025153932,0.038380497,Significant,1.573564642,0.654036445,KPNGROWT
1786,_272.138_10.172_N-D-Glucosylarylamine,1.7560493200817e-07,5.41288424509495e-07,Significant,0.548064035,-0.867583628,SPENTMEDIUM
1787,_721.313_11.175_C39 H37 N12 O3 Esi+11.174996,0.888347991,0.909733354,Nonsignificant,0.970423792,-0.043313174,SPENTMEDIUM
1788,_326.185_1.694_Pregna-416-diene-31120-trione,0.361981286,0.415506852,Nonsignificant,1.091376183,0.126148465,KPNGROWT
1789,_219.101_8.462_Ngamma-Nitro-L-arginine,2.59023034522016e-05,6.39886172390625e-05,Significant,0.442698546,-1.17560346,SPENTMEDIUM
1790,_665.654_14.006_C38 H81 N8 O,0.000137664,0.000308546,Significant,2.025698535,1.018419488,KPNGROWT
1791,_276.111_2.545_C14 H16 N2 O4,0.177642597,0.224774422,Nonsignificant,1.336899995,0.41889155,KPNGROWT
1792,_411.212_11.469_Ala Pro Pro Gln,0.205622577,0.255019954,Nonsignificant,1.266902153,0.341305105,KPNGROWT
1793,_679.39_7.249_C31 H47 N14 O4,0.003329158,0.006088667,Significant,1.448656704,0.534715752,KPNGROWT
1794,_438.283_1.99_C20 H36 N7 O4,2.72063746149121e-09,9.97723427688242e-09,Significant,0.544150254,-0.877923024,SPENTMEDIUM
1795,_356.169_8.024_C14 H18 N11 O,0.004052236,0.007335409,Significant,0.538700255,-0.892445346,SPENTMEDIUM
1796,_260.082_5.269_1234-Tetrahydro-b-carboline-13-dicarboxylic acid,0.005869664,0.010258649,Significant,1.499677809,0.584652585,KPNGROWT
1797,_208.085_7.141_Allobarbital,0.505056979,0.558635566,Nonsignificant,1.062123295,0.086951249,KPNGROWT
1798,_552.29_8.155_C35 H34 N7,0.473824995,0.527933873,Nonsignificant,1.131268668,0.177941599,KPNGROWT
1799,_127.086_5.344_C6 H11 N2 O,0.431661478,0.486562779,Nonsignificant,1.136949779,0.185168529,KPNGROWT
1800,_388.227_9.759_11alpha17beta-Dihydroxyandrost-4-en-3-one diacetate,0.894992362,0.914336577,Nonsignificant,0.977166803,-0.033323242,SPENTMEDIUM
1801,_813.446_10.107_Leucomycin A4,0.959967302,0.968160479,Nonsignificant,1.011644015,0.016701713,KPNGROWT
1802,_689.36_12.326_C27 H39 N21 O2,0.012225737,0.020220951,Significant,0.795794163,-0.329532778,SPENTMEDIUM
1803,_587.295_8.832_Tyr Leu Phe Glu Esi+8.832,0.82221423,0.849866147,Nonsignificant,1.043550888,0.061500954,KPNGROWT
1804,_471.269_11.95_Pro Lys Leu Asp,0.141361671,0.183004428,Nonsignificant,0.729393713,-0.45523033,SPENTMEDIUM
1805,_531.325_8.171_C30 H47 N2 O4 S,0.000234114,0.000509684,Significant,0.6510152,-0.619236866,SPENTMEDIUM
1806,_540.31_9.782_C23 H52 N6 S4,0.048543932,0.069954568,Nonsignificant,0.700895965,-0.512727777,SPENTMEDIUM
1807,_1137.525_8.832_1137.5247@8.83199,1.02243000216766e-13,5.5619146153724e-13,Significant,0.696824787,-0.521132151,SPENTMEDIUM
1808,_157.053_8.241_1-Nitrosonaphthalene Esi+8.240999,0.124516048,0.163283375,Nonsignificant,1.32263008,0.403409617,KPNGROWT
1809,_461.191_7.979_Trp Gln Glu,0.018038123,0.028631804,Significant,1.424652931,0.510610498,KPNGROWT
1810,_170.106_7.664_3xi6xi-Cycloalanylvalyl Esi+7.664001,0.960619878,0.968359469,Nonsignificant,1.006521244,0.009377622,KPNGROWT
1811,_354.154_8.779_Isopropyl apiosylglucoside Esi+8.778716,0.762540229,0.801741506,Nonsignificant,0.940857913,-0.087951229,SPENTMEDIUM
1812,_159.069_6.064_N-Hydroxy-1-aminonaphthalene Esi+6.0640035,1.11251700269544e-06,3.1300577575836e-06,Significant,0.515690213,-0.955423428,SPENTMEDIUM
1813,_561.324_7.461_C33 H53 O S3,0.201627517,0.250796332,Nonsignificant,1.341876237,0.424251616,KPNGROWT
1814,_341.139_8.332_Met Ile Gly,3.38139126309757e-08,1.10102853114483e-07,Significant,0.151151125,-2.72593638,SPENTMEDIUM
1815,_976.478_14.212_C44 H52 N26 O2,3.1524263188411e-05,7.70713882778737e-05,Significant,2.072207128,1.051168215,KPNGROWT
1816,_374.219_12.534_Val Thr Arg Esi+12.533703,0.015484519,0.024894613,Significant,0.473860191,-1.077466629,SPENTMEDIUM
1817,_530.306_9.499_S-Nerolidol 3-O-a-L-rhamnopyranosyl-1-2-b-D-glucopyranoside,6.35661154237661e-07,1.8495913475561e-06,Significant,0.463234816,-1.110184407,SPENTMEDIUM
1818,_1052.989_14.062_1052.989@14.062009,0.245823804,0.297760383,Nonsignificant,0.916506478,-0.125783017,SPENTMEDIUM
1819,_1167.59_8.919_1167.59@8.91898,0.162704963,0.207727165,Nonsignificant,0.868998528,-0.202574361,SPENTMEDIUM
1820,_946.424_12.516_C37 H46 N28 O4 Esi+12.515998,0.49212247,0.545747912,Nonsignificant,1.16034161,0.214549604,KPNGROWT
1821,_1054.544_7.7_1054.544@7.699998,0.081710791,0.112491167,Nonsignificant,0.693255745,-0.528540429,SPENTMEDIUM
1822,_416.228_9.798_Ile Glu Gly Val Esi+9.797989,5.93724972390619e-09,2.10125293889326e-08,Significant,0.489599635,-1.030325611,SPENTMEDIUM
1823,_396.236_9.352_C17 H30 N7 O4,0.461276033,0.516114741,Nonsignificant,0.882508561,-0.180317821,SPENTMEDIUM
1824,_426.209_8_Val Pro Pro Asp,0.38833633,0.444320266,Nonsignificant,0.847262349,-0.239119336,SPENTMEDIUM
1825,_430.278_7.964_C14 H32 N13 O3,2.70778680092565e-14,1.55241577508595e-13,Significant,0.42736948,-1.22644421,SPENTMEDIUM
1826,_250.163_1.733_C10 H22 N2 O3 S,0.018876826,0.029785615,Significant,1.546028388,0.62856681,KPNGROWT
1827,_448.134_7.497_Piperenol C,2.807539554691e-40,2.1620334629898e-38,Significant,0.464985892,-1.104741149,SPENTMEDIUM
1828,_651.318_14.233_C31 H51 N6 O3 S3,0.219723506,0.269989542,Nonsignificant,0.796639392,-0.328001276,SPENTMEDIUM
1829,_452.238_12.443_Gly Lys Gln Val,1.44140180695511e-06,4.02344047689438e-06,Significant,0.261684589,-1.934099131,SPENTMEDIUM
1830,_710.855_9.205_C20 H7 O23 S3,0.000475348,0.000994165,Significant,0.520151178,-0.942997103,SPENTMEDIUM
1831,_257.103_11.596_Pyro-L-glutaminyl-L-glutamine Esi+11.596272,2.61419234145298e-06,7.11046945047378e-06,Significant,0.021830376,-5.517519205,SPENTMEDIUM
1832,_523.298_9.766_C27 H45 N3 O3 S2,0.073524063,0.102212864,Nonsignificant,0.717042174,-0.479870119,SPENTMEDIUM
1833,_428.196_8.392_Carapanaubine,0.000128847,0.000291242,Significant,0.484541885,-1.045306714,SPENTMEDIUM
1834,_574.306_9.562_C30 H38 N8 O4,0.021073549,0.032885869,Significant,0.632022486,-0.661952208,SPENTMEDIUM
1835,_749.362_8.552_C22 H53 N16 O9 S2,0.00024991,0.000541302,Significant,0.462811553,-1.111503215,SPENTMEDIUM
1836,_596.283_9.247_C22 H46 N9 O4 S3,0.006539165,0.011326387,Significant,0.619377076,-0.691110106,SPENTMEDIUM
1837,_704.374_8.432_C42 H56 O7 S,0.001075594,0.002128176,Significant,0.564713195,-0.824409752,SPENTMEDIUM
1838,_151.049_5.273_8-Hydroxyadenine,1.05047270734356e-05,2.70503080934595e-05,Significant,3.897659568,1.962608087,KPNGROWT
1839,_102.047_6.51_C8 H6 Esi+6.509586,0.961468149,0.968755449,Nonsignificant,1.008395725,0.012061908,KPNGROWT
1840,_148.056_6.685_Methyl 2-methylthiobutyrate Esi+6.685095,8.14505488919823e-08,2.5896161060276e-07,Significant,0.301769209,-1.728482486,SPENTMEDIUM
1841,_888.475_6.323_PIP1619Z180 Esi+6.3226657,0.033876128,0.050142328,Nonsignificant,0.44013864,-1.183970062,SPENTMEDIUM
1842,_187.061_7.198_1-2-Hydroxyethyl-2-hydroxymethyl-5-nitroimidazole Esi+7.1979985,3.52198111640937e-09,1.26755564037271e-08,Significant,0.432787139,-1.208270466,SPENTMEDIUM
1843,_297.09_2.234_5-Methylthioadenosine,0.012769688,0.021038828,Significant,0.537086355,-0.896774026,SPENTMEDIUM
1844,_103.1_11.59_2-Amino-3-methyl-1-butanol Esi+11.589997,0.000462107,0.000968375,Significant,0.408491163,-1.291623225,SPENTMEDIUM
1845,_695.359_9.664_Ile Glu Arg Asp Phe,1.08927327582262e-16,7.90745480435054e-16,Significant,0.731467433,-0.451134462,SPENTMEDIUM
1846,_118.028_2.178_xi-3-Hydroxy-2-oxobutanoic acid Esi+2.1779997,0.060350859,0.084954518,Nonsignificant,0.586445476,-0.769931113,SPENTMEDIUM
1847,_229.106_11.224_Prolyl-Asparagine,0.003602913,0.006572381,Significant,0.454911983,-1.136340656,SPENTMEDIUM
1848,_226.107_12.881_Histidinyl-Alanine Esi+12.880992,4.22877947567723e-13,2.13648787286591e-12,Significant,0.04156662,-4.588430757,SPENTMEDIUM
1849,_183.066_11.576_34-Dihydro-4-5-methyl-2-furanylmethylene-2H-pyrrole,0.00608925,0.010616257,Significant,0.529916682,-0.916162549,SPENTMEDIUM
1850,_216.148_7.953_Valyl-Valine,0.013197202,0.021659297,Significant,0.578641299,-0.7892588,SPENTMEDIUM
1851,_228.147_7.19_1-L-Leucyl-L-Proline Esi+7.190001,0.003319654,0.006076509,Significant,3.167767883,1.663466626,KPNGROWT
1852,_254.138_12.485_S-Argpyrimidine Esi+12.484989,3.9590965439217e-13,2.0097848088118e-12,Significant,0.041350432,-4.595953797,SPENTMEDIUM
1853,_341.231_6.513_Diprotin A Esi+6.5129995,0.290470116,0.344003306,Nonsignificant,1.439374929,0.525442434,KPNGROWT
1854,_216.113_10.312_Thr Pro,0.002347376,0.004414562,Significant,0.29526324,-1.75992634,SPENTMEDIUM
1855,_182.106_6.925_Methyl N-methylanthranilate Esi+6.925002,0.212138516,0.262031721,Nonsignificant,1.04798146,0.067613194,KPNGROWT
1856,_212.091_13.236_Histidinyl-Glycine,0.001127387,0.002218273,Significant,0.245410014,-2.026733975,SPENTMEDIUM
1857,_218.127_9.474_Pantothenamide Esi+9.474002,0.00196271,0.003747472,Significant,0.406690665,-1.29799622,SPENTMEDIUM
1858,_287.086_10.157_Clitocine Esi+10.156919,4.289215324048e-16,2.95183194917853e-15,Significant,0.491555005,-1.024575233,SPENTMEDIUM
1859,_119.074_8.328_119.0736@8.328002,5.66197164349209e-09,2.00716894761794e-08,Significant,0.719002272,-0.475931765,SPENTMEDIUM
1860,_269.185_7.06_C12 H23 N5 O2,0.297422399,0.350674857,Nonsignificant,1.302674719,0.381476884,KPNGROWT
1861,_349.2_7.025_Coutaric acid,0.198517375,0.247216895,Nonsignificant,0.610063775,-0.712968026,SPENTMEDIUM
1862,_514.206_11.534_Asp Ala Phe Tyr,0.250761118,0.302706526,Nonsignificant,0.760000654,-0.395927434,SPENTMEDIUM
1863,_298.143_1.938_37815-Scirpenetetrol,0.003868092,0.007025987,Significant,0.462099754,-1.113723774,SPENTMEDIUM
1864,_245.137_10.539_Gamma-glutamyl-Valine Esi+10.5390005,1.007525582799e-10,4.24207877832588e-10,Significant,0.086181171,-3.536483491,SPENTMEDIUM
1865,_910.456_5.563_Betavulgaroside X,0.089439918,0.121713823,Nonsignificant,0.835859858,-0.258667018,SPENTMEDIUM
1866,_287.086_9.621_Clitocine Esi+9.621161,5.97869290409854e-06,1.58167659291263e-05,Significant,0.579473389,-0.787185684,SPENTMEDIUM
1867,_275.159_13.19_Threoninyl-Arginine,0.000124363,0.000281703,Significant,0.194107031,-2.365075715,SPENTMEDIUM
1868,_195.09_6.82_2-Phenyl-13-propanediyl monocarbamate Esi+6.82004,0.534685313,0.588651999,Nonsignificant,0.852576359,-0.230099044,SPENTMEDIUM
1869,_210.099_9.217_Aprobarbital Esi+9.217003,0.000527429,0.001093412,Significant,0.409404724,-1.288400347,SPENTMEDIUM
1870,_101.095_4.273_C4 H11 N3,0.098369699,0.132174573,Nonsignificant,0.830821845,-0.267388945,SPENTMEDIUM
1871,_111.068_12.966_Trimethyloxazole Esi+12.966496,1.6952703598257e-05,4.27232234046121e-05,Significant,0.423318338,-1.240185109,SPENTMEDIUM
1872,_204.114_10.22_34-Dihydroxy-2-hydroxymethyl-1-pyrrolidinepropanamide,0.042344351,0.061520788,Nonsignificant,0.590391283,-0.760256675,SPENTMEDIUM
1873,_231.122_10.465_Valyl-Asparagine,0.01540475,0.024785101,Significant,0.593727888,-0.752126216,SPENTMEDIUM
1874,_243.086_6.554_?-Glutamyl-?-cyanoalanine Esi+6.554,0.069687238,0.097132867,Nonsignificant,0.591765319,-0.756902947,SPENTMEDIUM
1875,_504.29_7.141_C20 H34 N13 O3,1.48873071345725e-12,7.14792376416154e-12,Significant,0.187687795,-2.413593258,SPENTMEDIUM
1876,_689.349_9.608_C31 H37 N20,5.48401470627178e-12,2.54683390398255e-11,Significant,0.796527175,-0.328204513,SPENTMEDIUM
1877,_140.059_9.247_13-Dimethyluracil,0.284258225,0.337774997,Nonsignificant,0.956582534,-0.064038645,SPENTMEDIUM
1878,_222.101_8.852_Phenylalanyl-Glycine Esi+8.852001,0.091553063,0.12403399,Nonsignificant,0.71750129,-0.47894667,SPENTMEDIUM
1879,_445.287_12.88_2-Angeloyl-9-3-methyl-2E-pentenoyl-2b9a-dihydroxy-4Z1014-oplopadien-3-one,3.5055719715393e-05,8.54106710591534e-05,Significant,0.7317236,-0.450629305,SPENTMEDIUM
1880,_299.134_5.706_Saxitoxin,2.2382948298572e-12,1.0626904248005e-11,Significant,0.801125976,-0.319898972,SPENTMEDIUM
1881,_283.092_6.632_Isoguanosine,0.000201297,0.000443227,Significant,0.259239283,-1.947643747,SPENTMEDIUM
1882,_227.163_6.64_C11 H21 N3 O2,0.002781716,0.005162924,Significant,0.442082332,-1.177613019,SPENTMEDIUM
1883,_203.08_6.166_N2-Acetyl-L-aminoadipate,3.07691189104008e-09,1.12257145664533e-08,Significant,0.723195475,-0.467542445,SPENTMEDIUM
1884,_132.054_10.276_N-Nitroso-N-methylurethane,0.031340326,0.046713997,Significant,0.607769602,-0.718403575,SPENTMEDIUM
1885,_287.088_8.314_Clitocine Esi+8.314209,2.95527474688929e-08,9.68546900868031e-08,Significant,0.21622892,-2.2093686,SPENTMEDIUM
1886,_1044.486_9.525_Aeruginopeptin 228A,1.8754418065642e-08,6.31181126987666e-08,Significant,0.847418193,-0.238853993,SPENTMEDIUM
1887,_215.056_11.26_sn-glycero-3-phosphoethanolamine,0.022240366,0.0345042,Significant,0.507313179,-0.979051456,SPENTMEDIUM
1888,_320.133_12.326_Gln Ser Ser,1.73224386623959e-17,1.32535349046461e-16,Significant,0.482515007,-1.051354282,SPENTMEDIUM
1889,_556.32_10.025_C22 H36 N16 O2,1.39471535193542e-10,5.7827671609486e-10,Significant,0.724556409,-0.464830082,SPENTMEDIUM
1890,_677.411_7.088_C32 H49 N14 O3,0.083221189,0.114200948,Nonsignificant,0.680853064,-0.554584613,SPENTMEDIUM
1891,_287.086_7.26_Clitocine Esi+7.259918,1.4832299888039e-14,8.69099224844597e-14,Significant,0.316240194,-1.66090735,SPENTMEDIUM
1892,_626.301_5.657_C24 H30 N22,2.56484573338412e-13,1.33711443012452e-12,Significant,0.809160299,-0.305502557,SPENTMEDIUM
1893,_204.113_9.98_34-Dihydroxy-2-hydroxymethyl-1-pyrrolidinepropanamide Esi+9.9800005,0.015586372,0.025039436,Significant,0.495395716,-1.013346703,SPENTMEDIUM
1894,_444.237_6.057_Alliofuroside A Esi+6.0570045,0.007358126,0.012591097,Significant,0.724010725,-0.465917027,SPENTMEDIUM
1895,_175.096_10.116_Argininic acid Esi+10.1165,0.005791482,0.010147019,Significant,0.429747211,-1.218439817,SPENTMEDIUM
1896,_273.169_8.831_Val Gly Val Esi+8.830996,0.000201575,0.000443381,Significant,0.425292115,-1.233473986,SPENTMEDIUM
1897,_252.057_5.651_MBP 1,2.6494662852736e-13,1.37785202659583e-12,Significant,0.692932294,-0.5292137,SPENTMEDIUM
1898,_347.169_10.034_Leu Asp Thr,6.96827213026738e-09,2.44983716050888e-08,Significant,0.237240224,-2.075579455,SPENTMEDIUM
1899,_349.2_6.77_Coutaric acid Esi+6.7699957,0.672172416,0.71521297,Nonsignificant,1.073655788,0.102531542,KPNGROWT
1900,_333.172_7.861_Val Ile Cys,0.032660447,0.048410293,Significant,0.511504043,-0.967182451,SPENTMEDIUM
1901,_218.13_10.036_Pantothenamide Esi+10.03582,0.002516036,0.00470678,Significant,0.46689333,-1.098835117,SPENTMEDIUM
1902,_332.169_10.856_Lys Gly Glu,0.002345525,0.004414562,Significant,0.591160134,-0.758379114,SPENTMEDIUM
1903,_367.157_7.886_Val Phe Cys,0.005034672,0.008946322,Significant,0.472196608,-1.082540416,SPENTMEDIUM
1904,_471.24_9.873_Ala Pro Trp Val,8.59265237724476e-12,3.913612763683e-11,Significant,0.346590001,-1.528698059,SPENTMEDIUM
1905,_148.064_2.486_148.0636@2.4861326,0.086984679,0.118676338,Nonsignificant,1.246902702,0.318348893,KPNGROWT
1906,_107.037_2.2_6-Iminocyclohexa-24-dienone Esi+2.1999962,0.123743571,0.162571079,Nonsignificant,1.330832525,0.41232903,KPNGROWT
1907,_184.085_2.735_Barbital,0.083065435,0.114060801,Nonsignificant,1.323084447,0.403905146,KPNGROWT
1908,_263.106_4.506_Erythrohydrobupropion,9.19505329870454e-05,0.000213281,Significant,5.351409797,2.419919011,KPNGROWT
1909,_174.101_10.184_Valyl-Glycine Esi+10.183595,0.005934255,0.010363022,Significant,0.629507801,-0.667703838,SPENTMEDIUM
1910,_512.337_1.376_C27 H42 N7 O3,1.33194818180213e-05,3.38882031422623e-05,Significant,0.625243922,-0.677508967,SPENTMEDIUM
1911,_552.361_1.667_Elastin,0.868700266,0.891039701,Nonsignificant,0.976115874,-0.034875675,SPENTMEDIUM
1912,_561.278_9.184_C23 H35 N11 O6,0.00495104,0.008827211,Significant,2.310159425,1.207992416,KPNGROWT
1913,_349.162_4.086_Flecainide meta-O-dealkylated,0.0004782,0.000999148,Significant,3.359747661,1.748352881,KPNGROWT
1914,_130.042_7.174_1-Fluorocyclohexadiene-ciscis-12-diol,8.60324736130996e-05,0.000200428,Significant,2.616683656,1.38773952,KPNGROWT
1915,_503.245_12.815_C31 H35 O6,0.006850605,0.011827303,Significant,1.799671816,0.847733844,KPNGROWT
1916,_186.101_8.277_Ala Pro,0.005040117,0.008948521,Significant,2.911172122,1.541600141,KPNGROWT
1917,_439.242_10.991_Val Gln Pro Pro Esi+10.990912,0.086364934,0.118057979,Nonsignificant,1.214219781,0.280029581,KPNGROWT
1918,_226.095_3.419_Carbidopa Esi+3.4185622,0.410876587,0.466845353,Nonsignificant,0.954609598,-0.067017253,SPENTMEDIUM
1919,_530.399_1.377_Vitamin E succinatetocopherol succinate,0.000201008,0.000443051,Significant,0.621108981,-0.687081666,SPENTMEDIUM
1920,_513.239_10.11_Val Ser Ser Ser Leu,1.48020196338223e-14,8.69099224844597e-14,Significant,0.264214987,-1.920215791,SPENTMEDIUM
1921,_152.061_5.126_C11 H6 N,0.894842913,0.914336577,Nonsignificant,1.023292562,0.033218674,KPNGROWT
1922,_170.142_13.42_C9 H18 N2 O Esi+13.419947,0.002013026,0.003836655,Significant,0.545694139,-0.873835547,SPENTMEDIUM
1923,_457.326_11.328_C21 H37 N12,0.154610132,0.198388307,Nonsignificant,1.397725484,0.483081041,KPNGROWT
1924,_401.239_12.613_401.2387@12.612587,2.38790937766472e-06,6.52000416725655e-06,Significant,0.606542929,-0.721318337,SPENTMEDIUM
1925,_410.227_12.167_Ala Ala His Ile Esi+12.166502,0.248891892,0.300791508,Nonsignificant,1.331223529,0.412752838,KPNGROWT
1926,_521.26_12.466_Morphiceptin,0.000390823,0.000827144,Significant,0.547771913,-0.8683528,SPENTMEDIUM
1927,_300.144_11.53_Pro Gly Gln,8.87483450144206e-13,4.40018018288281e-12,Significant,0.289935013,-1.786198528,SPENTMEDIUM
1928,_427.243_10.585_Val Asn Pro Val Esi+10.585009,0.057442503,0.081290887,Nonsignificant,0.771421893,-0.374408005,SPENTMEDIUM
1929,_266.102_9.961_8-Oxodeoxycoformycin Esi+9.961003,1.02541404904714e-08,3.5580027444099e-08,Significant,0.369798781,-1.435187626,SPENTMEDIUM
1930,_552.324_8.107_Homobatrachotoxin Esi+8.106885,0.981210088,0.983985788,Nonsignificant,1.005917388,0.008511827,KPNGROWT
1931,_558.284_9.625_Glycinoeclepin B,0.000785132,0.001590454,Significant,0.688542067,-0.538383295,SPENTMEDIUM
1932,_323.138_7.139_Rosaniline base,0.207180496,0.256802398,Nonsignificant,1.4249897,0.510951491,KPNGROWT
1933,_174.119_8.269_Lentiginosine Esi+8.268682,0.001447223,0.002810803,Significant,0.524418964,-0.931208238,SPENTMEDIUM
1934,_228.183_1.775_C12 H24 N2 O2,3.78027207867914e-05,9.18930138440061e-05,Significant,0.566323636,-0.820301353,SPENTMEDIUM
1935,_361.196_13.848_Lys Ser Gln,0.075014224,0.104148339,Nonsignificant,0.686019353,-0.543678818,SPENTMEDIUM
1936,_237.172_1.881_237.1718@1.8809984,7.00799092187037e-07,2.0307897398935e-06,Significant,0.219242565,-2.189400179,SPENTMEDIUM
1937,_906.456_12.572_Diosgenin 3-glucosyl-1-4-rhamnosyl-1-4-glucoside,0.000162359,0.000361918,Significant,0.684636838,-0.546589173,SPENTMEDIUM
1938,_477.295_11.201_C23 H33 N12 Esi+11.201001,0.312719326,0.366476037,Nonsignificant,1.253590496,0.326066147,KPNGROWT
1939,_444.294_7.617_C20 H34 N11 O Esi+7.616501,4.08190355492597e-05,9.88862057098809e-05,Significant,0.678596455,-0.559374201,SPENTMEDIUM
1940,_274.164_13.43_Lys Ala Gly Esi+13.430006,9.63564602770545e-06,2.49939257328408e-05,Significant,0.598727817,-0.740027796,SPENTMEDIUM
1941,_445.236_12.417_Lys Val Cys Pro Esi+12.417381,2.43273382962025e-11,1.07353212771832e-10,Significant,0.306940396,-1.703969565,SPENTMEDIUM
1942,_457.324_11.379_C20 H41 N8 O4,0.178043789,0.225148121,Nonsignificant,1.361090231,0.444762711,KPNGROWT
1943,_400.268_7.476_C18 H30 N11 Esi+7.47617,0.01825819,0.028916731,Significant,0.636052298,-0.652782701,SPENTMEDIUM
1944,_606.384_1.328_C26 H42 N18,4.30766139226544e-06,1.15395412863332e-05,Significant,0.705010331,-0.504283697,SPENTMEDIUM
1945,_764.406_7.167_C33 H44 N22 O,0.000367442,0.000780768,Significant,0.453771499,-1.139962096,SPENTMEDIUM
1946,_759.412_7.867_C30 H45 N23 O2,1.17339854275971e-15,7.70314413719106e-15,Significant,0.357030227,-1.485881874,SPENTMEDIUM
1947,_699.619_1.316_C48 H79 N2 O,2.94949682022335e-13,1.52641842740026e-12,Significant,0.466306446,-1.10064972,SPENTMEDIUM
1948,_742.817_8.926_742.8172@8.926007,0.076334519,0.105430858,Nonsignificant,0.794117293,-0.332575982,SPENTMEDIUM
1949,_356.163_1.437_Rutamarin,0.218318806,0.268418555,Nonsignificant,0.773580839,-0.370376034,SPENTMEDIUM
1950,_148.1_7.043_23-Dimethyl-5-1-propenylpyrazine,0.310440704,0.364207048,Nonsignificant,0.785877427,-0.347623781,SPENTMEDIUM
1951,_415.278_11.867_C25 H39 N2 O S Esi+11.867102,0.168877867,0.21509175,Nonsignificant,1.637509887,0.711503618,KPNGROWT
1952,_597.314_7.236_C26 H33 N18,0.005209454,0.009218393,Significant,0.61377571,-0.704216543,SPENTMEDIUM
1953,_1132.553_7.089_52-Epiciguatoxin,6.74907284338426e-05,0.000159149,Significant,0.528994026,-0.918676665,SPENTMEDIUM
1954,_398.252_8.389_C18 H28 N11 Esi+8.3889475,0.023163075,0.035727237,Significant,0.703358395,-0.507668096,SPENTMEDIUM
1955,_408.18_7.616_Phe Gly Trp Esi+7.615998,0.022569454,0.034912894,Significant,0.629462249,-0.667808238,SPENTMEDIUM
1956,_275.147_10.321_Lysyl-glutamate Esi+10.320515,0.002345589,0.004414562,Significant,0.594706683,-0.749749807,SPENTMEDIUM
1957,_763.401_7.732_Fumonisin A1,0.035355208,0.052041887,Nonsignificant,0.604982927,-0.725033666,SPENTMEDIUM
1958,_856.373_12.172_C38 H42 N21 O4,0.768036432,0.806324527,Nonsignificant,1.075962321,0.105627557,KPNGROWT
1959,_756.426_11.13_Tuberoside J,0.44638302,0.501297087,Nonsignificant,0.820230599,-0.28589853,SPENTMEDIUM
1960,_429.74_10.887_429.7396@10.886996,0.015949412,0.025584011,Significant,0.513835351,-0.960621946,SPENTMEDIUM
1961,_148.1_6.8_23-Dimethyl-5-1-propenylpyrazine Esi+6.799998,0.236465149,0.287900042,Nonsignificant,0.774061717,-0.369479495,SPENTMEDIUM
1962,_416.206_8.856_Pro Gly Pro Phe,0.291328478,0.34473903,Nonsignificant,0.807777517,-0.307970104,SPENTMEDIUM
1963,_1023.54_7.104_1023.5398@7.104002,2.53376002561254e-06,6.90052186232761e-06,Significant,0.396962824,-1.332924191,SPENTMEDIUM
1964,_666.369_9.76_C28 H56 N7 O7 S2,6.49939059170324e-06,1.71091631046445e-05,Significant,0.511040587,-0.968490221,SPENTMEDIUM
1965,_385.194_11.981_C17 H37 O3 S3,0.006847942,0.011827303,Significant,0.660410249,-0.598565585,SPENTMEDIUM
1966,_398.255_8.123_10-apo-beta-carotenal,0.226390398,0.277380401,Nonsignificant,0.745697087,-0.42333839,SPENTMEDIUM
1967,_819.376_7.267_C40 H61 N5 O7 S3,0.020719383,0.032404506,Significant,0.631028562,-0.664222788,SPENTMEDIUM
1968,_582.278_12.314_2-Norberbamunine,0.161221941,0.206329163,Nonsignificant,0.723873899,-0.466189698,SPENTMEDIUM
1969,_458.254_7.121_Val Pro Pro Phe,0.187119204,0.234256944,Nonsignificant,0.704758346,-0.504799437,SPENTMEDIUM
1970,_373.199_11.131_Gln Ile Asn,0.183580575,0.230505244,Nonsignificant,0.759542322,-0.39679774,SPENTMEDIUM
1971,_450.259_11.174_Tyr Arg Leu,0.00769199,0.013130708,Significant,0.456555891,-1.131136612,SPENTMEDIUM
1972,_250.128_6.11_C9 H14 N8 O,0.280343428,0.334056287,Nonsignificant,1.056457222,0.07923435,KPNGROWT
1973,_151.036_5.206_C3 H7 N2 O5,0.044418162,0.064314111,Nonsignificant,19.15781475,4.259861103,KPNGROWT
1974,_284.114_6.462_Metominostrobin,0.41754126,0.472650485,Nonsignificant,1.058988332,0.082686694,KPNGROWT
1975,_104.05_6.438_C7 H6 N,0.079490055,0.109646788,Nonsignificant,0.722665023,-0.468601025,SPENTMEDIUM
1976,_129.077_6.164_DL-pipecolic acid,0.082298848,0.113227458,Nonsignificant,0.870483759,-0.200110713,SPENTMEDIUM
1977,_165.069_6.562_C3 H11 N5 O S,0.061760644,0.086709498,Nonsignificant,0.715325279,-0.483328669,SPENTMEDIUM
1978,_341.219_6.579_C16 H29 N4 O4,0.515446766,0.569467948,Nonsignificant,0.963232685,-0.054043747,SPENTMEDIUM
1979,_472.257_6.498_PA2146Z9Z12Z15Z00,0.336507855,0.39005433,Nonsignificant,0.921628363,-0.117742978,SPENTMEDIUM
1980,_120.044_6.22_ab-dihydroxy-isobutyric acid,0.000447449,0.000941369,Significant,0.272533794,-1.875492959,SPENTMEDIUM
1981,_117.079_9.212_Trimethylammonioacetate Esi+9.211995,0.000115186,0.000263442,Significant,0.688299553,-0.538891521,SPENTMEDIUM
1982,_349.198_7.56_Coutaric acid Esi+7.5596037,0.000330191,0.000707268,Significant,0.528293934,-0.92058725,SPENTMEDIUM
1983,_396.188_6.263_C16 H20 N12 O,0.305935292,0.359119407,Nonsignificant,1.108796061,0.148994037,KPNGROWT
1984,_103.1_8.259_2-Amino-3-methyl-1-butanol Esi+8.258999,0.173827885,0.22073547,Nonsignificant,1.33774276,0.419800721,KPNGROWT
1985,_50.016_4_C4 H2,0.020714833,0.032404506,Significant,0.497032451,-1.008588049,SPENTMEDIUM
1986,_162.102_6.633_3-Methyl-1-phenyl-1-butanone,0.119468689,0.157734265,Nonsignificant,0.902657337,-0.147749673,SPENTMEDIUM
1987,_240.196_1.323_C14 H26 N O2 Esi+1.322999,0.919233863,0.934166472,Nonsignificant,1.027463711,0.03908744,KPNGROWT
1988,_268.086_6.63_Prolyl-Methionine,0.006515999,0.01129546,Significant,0.806191055,-0.310806319,SPENTMEDIUM
1989,_327.202_6.68_C13 H25 N7 O3,0.411511876,0.467317544,Nonsignificant,1.524068118,0.607927386,KPNGROWT
1990,_180.09_3.829_Pyridostigmine Esi+3.8285058,0.009238559,0.01560676,Significant,1.490992554,0.576273052,KPNGROWT
1991,_201.159_6.391_3-Oxa-9-azoniatricyclo3.3.1.024nonane 9-ethyl-7-hydroxy-9-methyl-,0.61836393,0.664272767,Nonsignificant,1.247097346,0.318574083,KPNGROWT
1992,_270.29_6.745_3S7S-Dimethyl-2-hexadecanol,0.014069995,0.022879877,Significant,0.664498062,-0.589663103,SPENTMEDIUM
1993,_173.095_6.578_C10 H11 N3,0.000456499,0.000958172,Significant,0.696252804,-0.522316863,SPENTMEDIUM
1994,_438.272_6.747_LPA00180,0.68482682,0.727222489,Nonsignificant,1.210842259,0.276010932,KPNGROWT
1995,_214.064_6.649_3-phenoxybenzoic acid,0.757259805,0.796977539,Nonsignificant,0.966250816,-0.049530367,SPENTMEDIUM
1996,_269.103_6.237_p-Hydroxytriamterene,0.00055299,0.001140843,Significant,0.709156047,-0.495824974,SPENTMEDIUM
1997,_151.036_5.924_C3 H7 N2 O5 Esi+5.924071,0.011107656,0.018486686,Significant,3.516058382,1.813959026,KPNGROWT
1998,_216.122_10.219_N?-Acetyl-L-arginine,4.51418818362847e-07,1.33171681922022e-06,Significant,0.436616901,-1.195560117,SPENTMEDIUM
1999,_329.218_6.682_XLR11,0.007289362,0.012493532,Significant,0.737996949,-0.438313243,SPENTMEDIUM
2000,_257.128_3.758_Isopropyl 3-34-dihydroxyphenyl-2-hydroxypropanoate,0.014811875,0.0239763,Significant,0.528083683,-0.921161531,SPENTMEDIUM
2001,_210.089_5.518_Valyl-Alanine Esi+5.5180016,0.018868741,0.029785615,Significant,0.431790545,-1.211596442,SPENTMEDIUM
2002,_208.111_6.315_C12 H16 O3,0.927031937,0.940294197,Nonsignificant,1.032227878,0.0457615,KPNGROWT
2003,_206.093_6.504_23-Dihydro-6-methoxy-22-dimethyl-4H-1-benzopyran-4-one,0.335347414,0.389134724,Nonsignificant,0.888586609,-0.170415694,SPENTMEDIUM
2004,_448.223_3.212_C18 H34 N5 O6 S,5.82570765488199e-05,0.00013845,Significant,0.31655897,-1.65945382,SPENTMEDIUM
2005,_208.109_6.079_4-tert-Butyl-phenoxy-acetic acid,0.035039546,0.05161296,Nonsignificant,0.726875908,-0.460219007,SPENTMEDIUM
2006,_238.067_6.192_238.0673@6.192001,0.538531543,0.592174363,Nonsignificant,0.913227496,-0.130953797,SPENTMEDIUM
2007,_124.064_1.963_2-Methoxy-6-methylpyrazine,0.174449306,0.22126039,Nonsignificant,0.703075327,-0.508248829,SPENTMEDIUM
2008,_414.202_1.443_Clausarinol,0.022033745,0.034233583,Significant,0.784676249,-0.349830563,SPENTMEDIUM
2009,_288.116_5.313_2-4-Methyl-13-pentadienylanthraquinone,0.00802455,0.013665506,Significant,0.503530228,-0.989849707,SPENTMEDIUM
2010,_301.173_5.51_6E-Piperamide-C71,0.004902935,0.008748777,Significant,0.615247867,-0.700760344,SPENTMEDIUM
2011,_311.148_10.026_Pro Val Asn Esi+10.026,0.031541801,0.046958149,Significant,1.286154099,0.363063507,KPNGROWT
2012,_176.117_6.259_C7 H16 N2 O3,0.011150323,0.018528701,Significant,0.649176396,-0.623317551,SPENTMEDIUM
2013,_221.142_3.697_2-diethylamino-4-hydroxy-Propiophenone,0.0004517,0.000949373,Significant,0.449616605,-1.153232778,SPENTMEDIUM
2014,_302.15_6.316_Verimol D,0.020434963,0.032053957,Significant,0.690144239,-0.535030181,SPENTMEDIUM
2015,_288.118_5.469_2-4-Methyl-13-pentadienylanthraquinone Esi+5.469001,0.009296622,0.015681139,Significant,0.482546147,-1.051261177,SPENTMEDIUM
2016,_224.108_6.801_2-Amino-1-methyl-6-phenylimidazo45-bpyridine,0.064504832,0.090442833,Nonsignificant,0.707313747,-0.499577793,SPENTMEDIUM
2017,_533.275_6.261_Cytochalasin Ppho,0.126304132,0.165220719,Nonsignificant,0.752713009,-0.40982819,SPENTMEDIUM
2018,_833.313_8.761_C40 H31 N23,3.85568223560602e-13,1.97140291229183e-12,Significant,0.664080917,-0.590569052,SPENTMEDIUM
2019,_237.122_5.238_C10 H15 N5 O2,0.654274629,0.69861553,Nonsignificant,0.886915196,-0.17313193,SPENTMEDIUM
2020,_194.093_6.683_Propioveratrone,0.905085195,0.923317127,Nonsignificant,1.028187633,0.040103564,KPNGROWT
2021,_121.076_6.184_Tromethamine,0.001084931,0.002142664,Significant,0.432320241,-1.20982771,SPENTMEDIUM
2022,_109.04_5.713_C5 H5 N2 O,0.760051043,0.799519569,Nonsignificant,0.981749967,-0.026572451,SPENTMEDIUM
2023,_430.275_8.18_Piritramide,0.001159738,0.002277713,Significant,2.369944308,1.244853157,KPNGROWT
2024,_253.143_2.093_C12 H19 N3 O3 Esi+2.093,0.578420678,0.627704481,Nonsignificant,0.868948942,-0.202656686,SPENTMEDIUM
2025,_115.1_4.73_N-2-Methylpropylacetamide,0.002343666,0.004414562,Significant,0.449731629,-1.152863745,SPENTMEDIUM
2026,_470.281_13.12_Gln Lys Pro Val,0.016475966,0.026329361,Significant,2.060801784,1.043205747,KPNGROWT
2027,_184.035_6.183_Dibenzothiophene,0.215473473,0.265226896,Nonsignificant,0.767172987,-0.382376173,SPENTMEDIUM
2028,_804.387_10.122_C40 H62 N5 O6 S3,0.423879502,0.478806002,Nonsignificant,0.809860981,-0.304253815,SPENTMEDIUM
2029,_151.063_2.031_3alpha477alpha-Tetrahydro-1H-isoindole-132H-dione Esi+2.030742,0.093702084,0.126622829,Nonsignificant,0.671782377,-0.573934146,SPENTMEDIUM
2030,_346.088_8.041_D-Fructofuranose 1223-dianhydride,1.74026572846667e-58,3.70154520444861e-55,Significant,0.009856056,-6.664773867,SPENTMEDIUM
2031,_368.163_1.426_Kanzonol P,0.956839929,0.965922415,Nonsignificant,1.010454926,0.015004968,KPNGROWT
2032,_441.258_10.009_Val Pro Gln Val Esi+10.008921,3.32365184282876e-09,1.20638352725201e-08,Significant,0.338268589,-1.563758876,SPENTMEDIUM
2033,_248.12_8.047_Valyl-Methionine,3.97482985202911e-05,9.64020877453353e-05,Significant,0.29911377,-1.741233767,SPENTMEDIUM
2034,_486.159_9.826_C24 H30 N4 O S3,1.91425721439335e-11,8.53590166669738e-11,Significant,0.170592352,-2.551375129,SPENTMEDIUM
2035,_337.334_6.069_13E-Docosenamide Esi+6.069,6.3610919188938e-11,2.71143136502748e-10,Significant,0.162399835,-2.622377924,SPENTMEDIUM
2036,_618.336_8.422_Minosaminomycin,6.5453845366017e-10,2.55919722598379e-09,Significant,0.323752252,-1.627037868,SPENTMEDIUM
2037,_333.154_10.302_Asp Thr Val Esi+10.302001,0.000107491,0.00024717,Significant,0.333138166,-1.585807451,SPENTMEDIUM
2038,_287.153_10.222_Feruperine,1.86154109318131e-08,6.2749570605335e-08,Significant,0.330076796,-1.599126372,SPENTMEDIUM
2039,_555.283_10.904_C23 H35 N14 O S,3.62198664581087e-06,9.72722928742388e-06,Significant,0.422634705,-1.242516856,SPENTMEDIUM
2040,_262.132_7.506_Physovenine Esi+7.505962,0.469429619,0.524334688,Nonsignificant,0.736839464,-0.440577762,SPENTMEDIUM
2041,_145.053_2.217_4-Formyl Indole Esi+2.2165008,0.415548487,0.471146925,Nonsignificant,1.565796004,0.646896266,KPNGROWT
2042,_705.316_10.191_C34 H49 N4 O10 S,0.203189558,0.252292947,Nonsignificant,2.181594319,1.125382849,KPNGROWT
2043,_125.048_2.311_4-Aminocatechol Esi+2.3109844,0.226676634,0.277571215,Nonsignificant,1.574313999,0.654723317,KPNGROWT
2044,_438.284_7.528_Pro Pro Leu Leu Esi+7.52761,0.000383677,0.000813641,Significant,0.097043347,-3.365226876,SPENTMEDIUM
2045,_273.18_12.652_Valyl-Arginine Esi+12.652003,0.059187839,0.08359398,Nonsignificant,0.544029072,-0.878244346,SPENTMEDIUM
2046,_212.116_10.13_Butethal Esi+10.130055,0.892289565,0.912890767,Nonsignificant,0.960644445,-0.057925537,SPENTMEDIUM
2047,_218.166_1.997_Isohumbertiol,0.000575436,0.001183706,Significant,0.389797033,-1.359204987,SPENTMEDIUM
2048,_406.219_8.263_Kiwiionoside Esi+8.263,0.016175829,0.025908124,Significant,0.555761344,-0.847462604,SPENTMEDIUM
2049,_325.166_9.468_Huajiaosimuline,0.292078885,0.345331733,Nonsignificant,0.735167568,-0.443854971,SPENTMEDIUM
2050,_717.347_12.812_Jubanine A,0.026269889,0.039911468,Significant,0.580499717,-0.784632732,SPENTMEDIUM
2051,_253.154_8.213_C11 H19 N5 O2 Esi+8.212551,0.211127153,0.261085729,Nonsignificant,0.38283023,-1.38522334,SPENTMEDIUM
2052,_410.255_3.373_Val Val Pro Pro Esi+3.372764,0.029419366,0.044160191,Significant,0.141459337,-2.821540693,SPENTMEDIUM
2053,_188.119_9.717_Valyl-Alanine Esi+9.716999,0.022875246,0.035334531,Significant,0.538257775,-0.893630842,SPENTMEDIUM
2054,_236.116_8.38_Phenylalanyl-Alanine,2.6329099777764e-08,8.68247988020218e-08,Significant,0.144683487,-2.789027821,SPENTMEDIUM
2055,_336.165_12.937_N2-Fructopyranosylarginine,0.042861777,0.062230034,Nonsignificant,0.417479514,-1.260222691,SPENTMEDIUM
2056,_274.127_7.149_Gln Gln,0.000954777,0.00190329,Significant,0.266689889,-1.906764965,SPENTMEDIUM
2057,_262.099_11.27_16-Dimethoxypyrene,0.001225561,0.002402551,Significant,0.25462254,-1.97356796,SPENTMEDIUM
2058,_200.08_11.401_Alanylclavam Esi+11.400668,1.25228978734869e-16,8.99871749219816e-16,Significant,0.117796209,-3.085634987,SPENTMEDIUM
2059,_152.049_5.124_57-Dihydro-2-methylthieno34-dpyrimidine,0.280730007,0.334329633,Nonsignificant,1.44864528,0.534704375,KPNGROWT
2060,_232.143_9.432_Threoninyl-Leucine,0.001742585,0.003351246,Significant,0.450526638,-1.150315685,SPENTMEDIUM
2061,_247.117_11.461_Ala Ser Ala,0.000815827,0.001647924,Significant,0.346612178,-1.528605753,SPENTMEDIUM
2062,_119.074_8.859_C8 H9 N Esi+8.8585005,0.06830559,0.095382163,Nonsignificant,0.584451634,-0.774844456,SPENTMEDIUM
2063,_289.164_9.601_Gly Leu Thr Esi+9.601158,2.95237009808856e-06,7.98942900589614e-06,Significant,3.852755104,1.945890486,KPNGROWT
2064,_285.168_9.889_Leu-Gly-Pro Esi+9.889001,0.037651664,0.055231095,Nonsignificant,0.567203969,-0.818060466,SPENTMEDIUM
2065,_245.138_9.645_Gamma-glutamyl-Valine Esi+9.645001,0.004617908,0.008291005,Significant,0.493367374,-1.019265782,SPENTMEDIUM
2066,_220.088_9.351_Valyl-Cysteine,0.008304742,0.014108775,Significant,0.501321933,-0.996190741,SPENTMEDIUM
2067,_231.123_10.084_Valyl-Asparagine Esi+10.084,0.006272071,0.010908172,Significant,0.488237094,-1.034346187,SPENTMEDIUM
2068,_328.142_7.198_Dictyoquinazol B,0.00070819,0.001442835,Significant,0.411343088,-1.281585892,SPENTMEDIUM
2069,_559.26_7.169_C34 H41 N O2 S2,0.000347297,0.000739439,Significant,0.438209297,-1.190308003,SPENTMEDIUM
2070,_170.106_5.233_3xi6xi-Cycloalanylvalyl Esi+5.2330008,0.026398837,0.040078748,Significant,0.554412396,-0.85096858,SPENTMEDIUM
2071,_374.181_10.296_Ile Glu Asn Esi+10.296224,0.000135842,0.000305428,Significant,0.406702355,-1.29795475,SPENTMEDIUM
2072,_345.048_9.78_3-Keto-3-deoxy-AMP,0.004817445,0.008617919,Significant,0.550788718,-0.860429087,SPENTMEDIUM
2073,_295.151_9.402_Butralin,0.002603958,0.004862704,Significant,0.427687386,-1.225371437,SPENTMEDIUM
2074,_707.418_7.829_C38 H65 N3 O3 S3,0.467921291,0.522999782,Nonsignificant,0.865834302,-0.207837138,SPENTMEDIUM
2075,_143.095_10.064_4-Trimethylammoniobut-2-enoate,0.00082066,0.001655542,Significant,0.361518286,-1.467859474,SPENTMEDIUM
2076,_789.406_7.496_C40 H49 N14 O4 Esi+7.4960012,0.04090363,0.059549638,Nonsignificant,0.532331189,-0.909603998,SPENTMEDIUM
2077,_913.612_1.358_C47 H75 N15 O4,0.010887333,0.018162633,Significant,0.613489888,-0.704888529,SPENTMEDIUM
2078,_433.15_5.405_C21 H27 N3 O3 S2,0.040653435,0.059225929,Nonsignificant,0.618604614,-0.692910501,SPENTMEDIUM
2079,_182.091_6.808_Ethyl S-3-hydroxyhexanoate,0.051917798,0.074213143,Nonsignificant,0.598315365,-0.741021983,SPENTMEDIUM
2080,_288.134_6.696_Artemin Esi+6.6959996,0.018415456,0.029144104,Significant,0.265617747,-1.912576555,SPENTMEDIUM
2081,_365.161_9.898_Periciazine,0.115177916,0.15263765,Nonsignificant,1.562201529,0.643580578,KPNGROWT
2082,_283.079_6.585_Cucumopine,0.048663327,0.070079145,Nonsignificant,0.32717385,-1.611870654,SPENTMEDIUM
2083,_243.072_6.469_C8 H19 O4 S2,0.288867273,0.342486449,Nonsignificant,0.778572824,-0.361096107,SPENTMEDIUM
2084,_242.163_13.208_C10 H20 N5 O2,0.002607118,0.004864334,Significant,0.719482084,-0.474969333,SPENTMEDIUM
2085,_727.4_8.349_C32 H45 N19 O2,0.10503534,0.14033302,Nonsignificant,0.83160139,-0.266035926,SPENTMEDIUM
2086,_1024.523_7.548_TR-Saponin B,1.18595601491834e-09,4.52066029342527e-09,Significant,0.307274404,-1.702400498,SPENTMEDIUM
2087,_264.057_5.66_Enoximone sulfoxide,0.036223845,0.053246799,Nonsignificant,0.56085273,-0.834306101,SPENTMEDIUM
2088,_899.399_9.763_C34 H45 N25 O6,0.049743684,0.071393264,Nonsignificant,0.625181467,-0.677653083,SPENTMEDIUM
2089,_276.078_7.257_Biotin sulfone,0.010337156,0.01729908,Significant,0.511269914,-0.967842964,SPENTMEDIUM
2090,_185.116_4.798_Isocarbamid,0.000483898,0.001009069,Significant,6.084702108,2.605186634,KPNGROWT
2091,_319.138_11.628_Asp Ser Val Esi+11.6279125,0.00022487,0.00049157,Significant,0.403813962,-1.308237301,SPENTMEDIUM
2092,_255.12_10.108_HC Blue No.1,0.192750281,0.240457389,Nonsignificant,0.7548341,-0.405768497,SPENTMEDIUM
2093,_330.186_11.866_C21 H22 N4,0.154827187,0.198503573,Nonsignificant,0.719346648,-0.475240932,SPENTMEDIUM
2094,_202.074_8.247_Vasicinone,0.000934585,0.001868292,Significant,0.502669437,-0.99231812,SPENTMEDIUM
2095,_155.07_12.798_L-Histidine,1.00824104583342e-05,2.60574569196559e-05,Significant,0.566426776,-0.82003863,SPENTMEDIUM
2096,_438.176_10.458_Glu Gln Tyr,0.004714591,0.008448133,Significant,0.538824214,-0.892113411,SPENTMEDIUM
2097,_293.138_9.6_Gamma-glutamyl-Phenylalanine,6.96428334275918e-09,2.44983716050888e-08,Significant,0.262205035,-1.931232705,SPENTMEDIUM
2098,_544.31_12.325_544.31@12.325001,0.016622391,0.026543412,Significant,0.593166285,-0.753491496,SPENTMEDIUM
2099,_512.28_9.382_Met Leu Leu His,7.97531346242445e-11,3.37918162043363e-10,Significant,0.236476754,-2.080229724,SPENTMEDIUM
2100,_136.1_3.822_23-Diethylpyrazine Esi+3.821556,0.000123953,0.000281074,Significant,6.544170505,2.710210337,KPNGROWT
2101,_119.075_3.284_C5 H13 N S,0.055264548,0.07862722,Nonsignificant,0.583574331,-0.777011668,SPENTMEDIUM
2102,_245.149_13.245_Arginyl-Alanine Esi+13.245003,0.045529555,0.065878479,Nonsignificant,0.678871219,-0.558790171,SPENTMEDIUM
2103,_350.161_9.98_Gln Phe Gly,9.4659354054504e-05,0.000219086,Significant,0.398731952,-1.326508874,SPENTMEDIUM
2104,_732.233_1.452_C37 H22 N19,0.102083482,0.136991525,Nonsignificant,0.753311936,-0.408680706,SPENTMEDIUM
2105,_196.107_6.259_6-hydroxy-nonanoic acid,0.180058018,0.227020394,Nonsignificant,9.879153868,3.304387483,KPNGROWT
2106,_103.1_7.576_2-Amino-3-methyl-1-butanol Esi+7.5759945,1.02803409659482e-06,2.9038891413774e-06,Significant,3.179973516,1.66901475,KPNGROWT
2107,_688.427_8.368_PG1839Z12Z15Z120 Esi+8.367999,0.065259745,0.091380828,Nonsignificant,1.313155342,0.393037593,KPNGROWT
2108,_284.114_6.055_Pro Phe Esi+6.0550003,0.617637154,0.6638273,Nonsignificant,1.226285917,0.294295393,KPNGROWT
2109,_183.065_10.297_4-Amino-2-hydroxylamino-6-nitrotoluene,0.923563436,0.937670371,Nonsignificant,0.982375863,-0.025652981,SPENTMEDIUM
2110,_184.124_6.563_Chamazulene,0.005691152,0.009979457,Significant,1.578551185,0.658601041,KPNGROWT
2111,_228.057_6.537_Methylthiobenzoylglycine,0.007246102,0.012429402,Significant,3.51958848,1.815406755,KPNGROWT
2112,_184.049_6.183_Trimidox,0.004972663,0.008858337,Significant,1.52256364,0.606502531,KPNGROWT
2113,_773.316_9.405_C39 H35 N17 O2,0.147106556,0.18997914,Nonsignificant,1.480095585,0.565690348,KPNGROWT
2114,_724.39_7.269_C33 H44 N18 O2,0.025098887,0.038351533,Significant,0.527248631,-0.92344465,SPENTMEDIUM
2115,_181.075_7.504_Meta-Tyrosine Esi+7.503999,0.63845825,0.684476158,Nonsignificant,0.874375288,-0.193675468,SPENTMEDIUM
2116,_601.24_8.812_C30 H37 N2 O11,0.497998656,0.551689136,Nonsignificant,0.853260918,-0.228941126,SPENTMEDIUM
2117,_204.147_13.251_Molsidomine Esi+13.251003,0.133538564,0.173722646,Nonsignificant,0.681828387,-0.552519429,SPENTMEDIUM
2118,_495.257_5.518_Ser Arg Pro His Esi+5.518158,0.011088846,0.018469832,Significant,0.400144407,-1.321407352,SPENTMEDIUM
2119,_250.126_5.546_C6 H16 N7 O4,5.20192512469396e-08,1.66383379552241e-07,Significant,38.44427413,5.264696835,KPNGROWT
2120,_297.09_2.023_5-Methylthioadenosine Esi+2.0230002,0.002380053,0.004468113,Significant,0.482772364,-1.050585003,SPENTMEDIUM
2121,_202.046_7.822_L-Sorbose,0.041337103,0.060098441,Nonsignificant,0.585293741,-0.772767244,SPENTMEDIUM
2122,_218.106_1.621_L-2-Methyltryptophan,0.001917949,0.003668594,Significant,0.48241736,-1.05164627,SPENTMEDIUM
2123,_287.22_13.083_C12 H27 N6 O2,0.034678431,0.051258529,Nonsignificant,0.684801192,-0.546242882,SPENTMEDIUM
2124,_226.122_7.646_Valyl-Methionine Esi+7.6459985,0.019786522,0.031105641,Significant,0.59181832,-0.756773739,SPENTMEDIUM
2125,_316.197_13.139_2-3-Carboxy-3-trimethylammoniopropyl-L-histidine,6.34860279472068e-06,1.67329345035575e-05,Significant,0.087406968,-3.516107903,SPENTMEDIUM
2126,_227.15_6.563_C8 H17 N7 O,0.027848265,0.042039218,Significant,0.612894747,-0.706288755,SPENTMEDIUM
2127,_243.043_5.707_C7 H9 N5 O3 S,0.007110548,0.012231552,Significant,0.527511774,-0.9227248,SPENTMEDIUM